time_utc,wallet_label,wallet,kind,symbol,token,amount,usd_now,counter,via,note,price_now,liquidity_usd,dex_url,tx
2026-09-06 01:35:35,machibigbrother.eth,0x020ca66c30bec2c4fe3861a94e4db4a498a35872,transfer_out,ETH,0x1a21a345cff5514b598f5bda250dbc94bc8dd67b,5.00000000,,ETH,external,pulled by 0x9135…0366,0.0,0,,0x72aae6f9f13501b044797e9c6cafa4197a7d602b203b4acfc0e677fd18f12969
2026-09-06 02:52:23,machibigbrother.eth,0x020ca66c30bec2c4fe3861a94e4db4a498a35872,rotate,USDC,0xa0b86991c6218b36c1d19d4a2e9eb0ce3606eb48,193.65486300,193.65,USDT,external,stable/ETH rotation,0.99998,884010.98,https://dexscreener.com/ethereum/0x0fb0e40cec3bb23e13abc585958a93c796fbea56955e19a23727a716a0423239,0xe67d7d6a722ae2693b8dcde1379569cac0ef8cff97e32cf86d4c5f72bc9ca8c6
2026-09-06 02:52:59,machibigbrother.eth,0x020ca66c30bec2c4fe3861a94e4db4a498a35872,transfer_out,USDC,0xa0b86991c6218b36c1d19d4a2e9eb0ce3606eb48,520.99253900,520.98,ETH,self,sent to 0x3205…4be4,0.99998,884010.98,https://dexscreener.com/ethereum/0x0fb0e40cec3bb23e13abc585958a93c796fbea56955e19a23727a716a0423239,0x0a15240d28eeb36a142b32b9102b42ccef19fa47f368ca2e2fcd7a6557cdbde0
2026-09-06 08:20:11,machibigbrother.eth,0x020ca66c30bec2c4fe3861a94e4db4a498a35872,buy,USDC,0xa0b86991c6218b36c1d19d4a2e9eb0ce3606eb48,12458.02712400,12457.78,ETH,UniversalRouter,bought with ETH,0.99998,884010.98,https://dexscreener.com/ethereum/0x0fb0e40cec3bb23e13abc585958a93c796fbea56955e19a23727a716a0423239,0x51efa37a6da524b6b9e53249c74250885ae58d93ce5e5bd1598a7b4a4b155cc0
2026-09-06 08:20:35,machibigbrother.eth,0x020ca66c30bec2c4fe3861a94e4db4a498a35872,transfer_out,USDC,0xa0b86991c6218b36c1d19d4a2e9eb0ce3606eb48,12458.02712400,12457.78,ETH,self,sent to 0x3205…4be4,0.99998,884010.98,https://dexscreener.com/ethereum/0x0fb0e40cec3bb23e13abc585958a93c796fbea56955e19a23727a716a0423239,0x58c47d4bffc70f8a470f3569665c729ee9899a2ef9eb2281652e043370ab805e
2026-09-05 03:09:35,vitalik.eth,0xd8da6bf26964af9d7eed9e03e53415d37aa96045,transfer_in,CMD,0xae42f183554d369ee98b7b1980bea3761f47abc3,131.44158602,0.02,ETH,TransparentUpgradeableProxy,from 0x1699…75ac,0.000186,198320.38,https://dexscreener.com/ethereum/0x8e2af985cecbbbe8a6ab79dd8603717fe7f2ab7503db8272a50e03cb697af6ce,0x26c6928bdbef89004e3a8b60afb2685edbb5eaf15e073e6712fd4bcd69b136e4
2026-09-05 21:40:35,vitalik.eth,0xd8da6bf26964af9d7eed9e03e53415d37aa96045,transfer_in,SAND,0x3845badade8e6dff049820680d1f14bd3903a5d0,0.25007549,0.01,ETH,external,from 0xf000…3223,0.03988,343893.1,https://dexscreener.com/ethereum/0x3dd49f67e9d5bc4c5e6634b3f70bfd9dc1b6bd74,0x17a4ef8c79f69df16626ea43f5d7710a714ee9b882d608819704fb4178f6110b
2026-09-06 07:01:59,vitalik.eth,0xd8da6bf26964af9d7eed9e03e53415d37aa96045,transfer_in,CMD,0xae42f183554d369ee98b7b1980bea3761f47abc3,264.94762014,0.05,ETH,RelayApprovalProxyV3,from 0x803d…68e4,0.000186,198320.38,https://dexscreener.com/ethereum/0x8e2af985cecbbbe8a6ab79dd8603717fe7f2ab7503db8272a50e03cb697af6ce,0x11de61a02538803a508b7b6e3f6f0e352e5900e377e6dae152afa550e639bc85
2026-09-04 09:05:35,Abraxas Heka Funds,0xb99a2c4c1c4f1fc27150681b740396f6ce1cbcf5,defi,USDS,0xdc035d45d973e3ec169d2276ddab16f1e407384f,10000000.00000000,9997050.00,ETH,InitializableImmutableAdminUpgradeabilityProxy,borrow [InitializableImmutableAdminUpgradeabilityProxy],0.999705,218569.35,https://dexscreener.com/ethereum/0x3b1b1f2e775a6db1664f8e7d59ad568605ea2406312c11aef03146c0cf89d5b9,0x44e45f77d425bda6e8f821c430bad4eefcbc26610c1a4b173d203ee0e4032cf5
2026-09-04 09:07:11,Abraxas Heka Funds,0xb99a2c4c1c4f1fc27150681b740396f6ce1cbcf5,rotate,USDC,0xa0b86991c6218b36c1d19d4a2e9eb0ce3606eb48,10000000.00000000,9999800.00,USDS,external,stable/ETH rotation,0.99998,884010.98,https://dexscreener.com/ethereum/0x0fb0e40cec3bb23e13abc585958a93c796fbea56955e19a23727a716a0423239,0xa8ee6368ffe61c548160d57bffd3c4a27f0b7dacd956a1942353f779ba26b160
2026-09-04 09:08:11,Abraxas Heka Funds,0xb99a2c4c1c4f1fc27150681b740396f6ce1cbcf5,transfer_out,USDC,0xa0b86991c6218b36c1d19d4a2e9eb0ce3606eb48,10000000.00000000,9999800.00,ETH,self,sent to 0x7914…0f99,0.99998,884010.98,https://dexscreener.com/ethereum/0x0fb0e40cec3bb23e13abc585958a93c796fbea56955e19a23727a716a0423239,0x341de6c73fc583ae00d107f9390ce901f8b1fea905b2ddcb816d154bc268c123
2026-09-04 09:08:47,Abraxas Heka Funds,0xb99a2c4c1c4f1fc27150681b740396f6ce1cbcf5,transfer_out,USDC,0xa0b86991c6218b36c1d19d4a2e9eb0ce3606eb48,0.00000000,0.00,ETH,external,pulled by 0xe50f…2171,0.99998,884010.98,https://dexscreener.com/ethereum/0x0fb0e40cec3bb23e13abc585958a93c796fbea56955e19a23727a716a0423239,0x382f6638bb1676f1a4872f142d64db58c2eb5ce1e743a3d7d61b16d84a5a2f03
2026-09-04 09:10:47,Abraxas Heka Funds,0xb99a2c4c1c4f1fc27150681b740396f6ce1cbcf5,defi,BARD,0xf0db65d17e30a966c2ae6a21f6bba71cea6e9754,131635.00000000,16730.81,ETH,TokenDistributor,claim [TokenDistributor],0.1271,332.67,https://dexscreener.com/ethereum/0xa8fab265033ac54b25c0c2aa916a5bd8ade145740ee53d504a19629db936e83c,0x98659b1a1804c08216891177892da56184098de48356ea96035b2676fe6e317e
2026-09-04 09:20:35,Abraxas Heka Funds,0xb99a2c4c1c4f1fc27150681b740396f6ce1cbcf5,transfer_in,USDC,0xa0b86991c6218b36c1d19d4a2e9eb0ce3606eb48,0.00100000,0.00,ETH,external,from 0x4588…1548,0.99998,884010.98,https://dexscreener.com/ethereum/0x0fb0e40cec3bb23e13abc585958a93c796fbea56955e19a23727a716a0423239,0x3d341c82f73ed06c0867352cd0046ad4e62cab1083477da92ef14a0e83d0460d
2026-09-04 09:24:47,Abraxas Heka Funds,0xb99a2c4c1c4f1fc27150681b740396f6ce1cbcf5,transfer_out,USDC,0xa0b86991c6218b36c1d19d4a2e9eb0ce3606eb48,0.00000000,0.00,ETH,external,pulled by 0xd643…6908,0.99998,884010.98,https://dexscreener.com/ethereum/0x0fb0e40cec3bb23e13abc585958a93c796fbea56955e19a23727a716a0423239,0x5cc26b5d9881d8f64e91267840981c97293c2542680e2a3f282ec7e13a2aa7c8
2026-09-04 09:29:23,Abraxas Heka Funds,0xb99a2c4c1c4f1fc27150681b740396f6ce1cbcf5,transfer_out,BARD,0xf0db65d17e30a966c2ae6a21f6bba71cea6e9754,131635.00000000,16730.81,ETH,self,sent to 0x7914…0f99,0.1271,332.67,https://dexscreener.com/ethereum/0xa8fab265033ac54b25c0c2aa916a5bd8ade145740ee53d504a19629db936e83c,0x40f09623ad7d803b5ff8b7c9d993234ad7a873184377f239a656e4a04e00ea65
2026-09-04 12:13:23,Abraxas Heka Funds,0xb99a2c4c1c4f1fc27150681b740396f6ce1cbcf5,transfer_out,ETH,0x0890f3c19fd313446751ffeab214b85f1336fcb5,1500.00000000,,ETH,external,pulled by 0x9135…0366,0.0,0,,0xd856e9bac7e8819b2f80193d219d5d948096848ddbe9319dc0457a6384a56060
2026-09-04 14:22:11,Abraxas Heka Funds,0xb99a2c4c1c4f1fc27150681b740396f6ce1cbcf5,transfer_in,USDC,0xa0b86991c6218b36c1d19d4a2e9eb0ce3606eb48,4000000.00000000,3999920.00,ETH,external,from 0x3f69…3567,0.99998,884010.98,https://dexscreener.com/ethereum/0x0fb0e40cec3bb23e13abc585958a93c796fbea56955e19a23727a716a0423239,0x8af2b60cff55908e1a660a53d21f65bea2f67310bceacf1416cfe55d3dba8b70
2026-09-04 14:27:11,Abraxas Heka Funds,0xb99a2c4c1c4f1fc27150681b740396f6ce1cbcf5,transfer_out,USDC,0xa0b86991c6218b36c1d19d4a2e9eb0ce3606eb48,0.00000000,0.00,ETH,external,pulled by 0x0124…6641,0.99998,884010.98,https://dexscreener.com/ethereum/0x0fb0e40cec3bb23e13abc585958a93c796fbea56955e19a23727a716a0423239,0x7459f261ef07e47f83521b5e6d897d7cfc9e686224c14647f5fb3077171c8569
2026-09-04 14:31:11,Abraxas Heka Funds,0xb99a2c4c1c4f1fc27150681b740396f6ce1cbcf5,transfer_out,USDC,0xa0b86991c6218b36c1d19d4a2e9eb0ce3606eb48,0.00000000,0.00,ETH,external,pulled by 0xd643…6908,0.99998,884010.98,https://dexscreener.com/ethereum/0x0fb0e40cec3bb23e13abc585958a93c796fbea56955e19a23727a716a0423239,0x4fd2356ee12bce84e9b656f7a6d3ca82c73a11db2a6c018c842a1e44bf78a031
2026-09-04 14:34:47,Abraxas Heka Funds,0xb99a2c4c1c4f1fc27150681b740396f6ce1cbcf5,transfer_out,USDC,0xa0b86991c6218b36c1d19d4a2e9eb0ce3606eb48,4000000.00000000,3999920.00,ETH,self,sent to 0xec9e…98c3,0.99998,884010.98,https://dexscreener.com/ethereum/0x0fb0e40cec3bb23e13abc585958a93c796fbea56955e19a23727a716a0423239,0x3b3397ee5645b36e0cdd7451f064e951d11a903e0f38e8586722bbfb7671d0e8
2026-09-04 14:45:47,Abraxas Heka Funds,0xb99a2c4c1c4f1fc27150681b740396f6ce1cbcf5,transfer_in,USDC,0xa0b86991c6218b36c1d19d4a2e9eb0ce3606eb48,10000000.00000000,9999800.00,ETH,ERC1967Proxy,from 0x28c6…1d60,0.99998,884010.98,https://dexscreener.com/ethereum/0x0fb0e40cec3bb23e13abc585958a93c796fbea56955e19a23727a716a0423239,0x3f95e84eca2d9ec0b3c40809ba06aed03530894048cd47988ad21da5ba782454
2026-09-04 14:47:11,Abraxas Heka Funds,0xb99a2c4c1c4f1fc27150681b740396f6ce1cbcf5,rotate,USDS,0xdc035d45d973e3ec169d2276ddab16f1e407384f,10000000.00583200,9997050.01,USDC,external,stable/ETH rotation,0.999705,218569.35,https://dexscreener.com/ethereum/0x3b1b1f2e775a6db1664f8e7d59ad568605ea2406312c11aef03146c0cf89d5b9,0xb328fe72c76d8c6c0974df48727600c039d0485df2b46531b9b0f119c6f54546
2026-09-04 14:49:11,Abraxas Heka Funds,0xb99a2c4c1c4f1fc27150681b740396f6ce1cbcf5,defi,USDS,0xdc035d45d973e3ec169d2276ddab16f1e407384f,10000000.00583200,9997050.01,ETH,InitializableImmutableAdminUpgradeabilityProxy,repaywithpermit [InitializableImmutableAdminUpgradeabilityProxy],0.999705,218569.35,https://dexscreener.com/ethereum/0x3b1b1f2e775a6db1664f8e7d59ad568605ea2406312c11aef03146c0cf89d5b9,0x0935211328a440f049f880bc68b1ae4b124f9f4397635d5c1cabaadade2b69b5
2026-09-04 15:03:47,Abraxas Heka Funds,0xb99a2c4c1c4f1fc27150681b740396f6ce1cbcf5,transfer_in,USDC,0xa0b86991c6218b36c1d19d4a2e9eb0ce3606eb48,0.00040000,0.00,ETH,external,from 0x4588…1548,0.99998,884010.98,https://dexscreener.com/ethereum/0x0fb0e40cec3bb23e13abc585958a93c796fbea56955e19a23727a716a0423239,0x97f8f331bcd09837afe8ddacb556086b7c669d46bf4cf4bb4b1fdef5caea12bb
2026-09-04 15:10:35,Abraxas Heka Funds,0xb99a2c4c1c4f1fc27150681b740396f6ce1cbcf5,transfer_in,USDC,0xa0b86991c6218b36c1d19d4a2e9eb0ce3606eb48,7500000.00000000,7499850.00,ETH,ERC1967Proxy,from 0x28c6…1d60,0.99998,884010.98,https://dexscreener.com/ethereum/0x0fb0e40cec3bb23e13abc585958a93c796fbea56955e19a23727a716a0423239,0x5783a0221f23d0de7f68e8617641c169c97096e04f4c4bba81db43a7a93a8fa2
2026-09-04 15:13:47,Abraxas Heka Funds,0xb99a2c4c1c4f1fc27150681b740396f6ce1cbcf5,rotate,USDS,0xdc035d45d973e3ec169d2276ddab16f1e407384f,7500000.00040000,7497787.50,USDC,external,stable/ETH rotation,0.999705,218569.35,https://dexscreener.com/ethereum/0x3b1b1f2e775a6db1664f8e7d59ad568605ea2406312c11aef03146c0cf89d5b9,0xf4b3f83305438851317341278c7b9163d767d9219ef953c055d6d9e17e740a29
2026-09-04 15:15:35,Abraxas Heka Funds,0xb99a2c4c1c4f1fc27150681b740396f6ce1cbcf5,defi,USDS,0xdc035d45d973e3ec169d2276ddab16f1e407384f,7500000.00040000,7497787.50,ETH,InitializableImmutableAdminUpgradeabilityProxy,repaywithpermit [InitializableImmutableAdminUpgradeabilityProxy],0.999705,218569.35,https://dexscreener.com/ethereum/0x3b1b1f2e775a6db1664f8e7d59ad568605ea2406312c11aef03146c0cf89d5b9,0xa995fb8315c53d1d143ea32a08c4444234a12c9b52f75ad163e2ad7ee5a67253
2026-09-04 15:55:35,Abraxas Heka Funds,0xb99a2c4c1c4f1fc27150681b740396f6ce1cbcf5,transfer_in,USDC,0xa0b86991c6218b36c1d19d4a2e9eb0ce3606eb48,760067.83460000,760052.63,ETH,ERC1967Proxy,from 0x05ff…f381,0.99998,884010.98,https://dexscreener.com/ethereum/0x0fb0e40cec3bb23e13abc585958a93c796fbea56955e19a23727a716a0423239,0x2ec4bec82a32710637c88c9ccb2be41c9628393b44187f645b851f3c4c5140a0
2026-09-04 15:56:59,Abraxas Heka Funds,0xb99a2c4c1c4f1fc27150681b740396f6ce1cbcf5,rotate,USDS,0xdc035d45d973e3ec169d2276ddab16f1e407384f,760067.83460000,759843.61,USDC,external,stable/ETH rotation,0.999705,218569.35,https://dexscreener.com/ethereum/0x3b1b1f2e775a6db1664f8e7d59ad568605ea2406312c11aef03146c0cf89d5b9,0x29a338815256e46c3b5b7af2e4a0edd1eb28f9c3c07aff1463acdd0dbbafee69
2026-09-04 16:01:47,Abraxas Heka Funds,0xb99a2c4c1c4f1fc27150681b740396f6ce1cbcf5,defi,USDS,0xdc035d45d973e3ec169d2276ddab16f1e407384f,760067.83460000,759843.61,ETH,InitializableImmutableAdminUpgradeabilityProxy,repaywithpermit [InitializableImmutableAdminUpgradeabilityProxy],0.999705,218569.35,https://dexscreener.com/ethereum/0x3b1b1f2e775a6db1664f8e7d59ad568605ea2406312c11aef03146c0cf89d5b9,0x26b9856e56876d1cdeb9b7496fa73814b89277c0dd50eb5277f817975185ae56
2026-09-04 17:38:11,Abraxas Heka Funds,0xb99a2c4c1c4f1fc27150681b740396f6ce1cbcf5,transfer_out,USDC,0xa0b86991c6218b36c1d19d4a2e9eb0ce3606eb48,0.00000000,0.00,ETH,external,pulled by 0xe50f…2171,0.99998,884010.98,https://dexscreener.com/ethereum/0x0fb0e40cec3bb23e13abc585958a93c796fbea56955e19a23727a716a0423239,0xcc2af42c20b9b4b7e6f6df9a81f36b729ef2df0741c91dc1e19a79a665934bca
2026-09-04 23:54:23,Abraxas Heka Funds,0xb99a2c4c1c4f1fc27150681b740396f6ce1cbcf5,transfer_in,USDC,0xa0b86991c6218b36c1d19d4a2e9eb0ce3606eb48,4999999.40000000,4999899.40,ETH,ERC1967Proxy,from 0x28c6…1d60,0.99998,884010.98,https://dexscreener.com/ethereum/0x0fb0e40cec3bb23e13abc585958a93c796fbea56955e19a23727a716a0423239,0x79bf429ba9f3e85f4fadcb63e897527e73c7409f98f21bdb02489fa952663539
2026-09-04 23:56:59,Abraxas Heka Funds,0xb99a2c4c1c4f1fc27150681b740396f6ce1cbcf5,rotate,USDS,0xdc035d45d973e3ec169d2276ddab16f1e407384f,4999999.40000000,4998524.40,USDC,external,stable/ETH rotation,0.999705,218569.35,https://dexscreener.com/ethereum/0x3b1b1f2e775a6db1664f8e7d59ad568605ea2406312c11aef03146c0cf89d5b9,0x73c6a44089728a6a0c86888eb39630fd00681cf33c5b979ea7f9d37262269887
2026-09-05 00:23:11,Abraxas Heka Funds,0xb99a2c4c1c4f1fc27150681b740396f6ce1cbcf5,defi,USDS,0xdc035d45d973e3ec169d2276ddab16f1e407384f,4999999.40000000,4998524.40,ETH,InitializableImmutableAdminUpgradeabilityProxy,repaywithpermit [InitializableImmutableAdminUpgradeabilityProxy],0.999705,218569.35,https://dexscreener.com/ethereum/0x3b1b1f2e775a6db1664f8e7d59ad568605ea2406312c11aef03146c0cf89d5b9,0xe17ad753c669eb65744d526b547b0b4b9e77ca2882da3e03c309206a56aaaae7
2026-09-05 03:00:35,Abraxas Heka Funds,0xb99a2c4c1c4f1fc27150681b740396f6ce1cbcf5,transfer_in,XAUT,0x68749665ff8d2d112fa859aa293f07a622782f38,3000.00000000,13261350.00,ETH,external,from 0x7713…35ec,4420.45,2248465.62,https://dexscreener.com/ethereum/0x6546055f46e866a4b9a4a13e81273e3152bae5da,0x142acdf539200d4b576d36b63109f9125e80c206697a008c46e81bea244a7935
2026-09-05 03:03:35,Abraxas Heka Funds,0xb99a2c4c1c4f1fc27150681b740396f6ce1cbcf5,transfer_out,XAUT,0x68749665ff8d2d112fa859aa293f07a622782f38,0.00000000,0.00,ETH,external,pulled by 0x0124…6641,4420.45,2248465.62,https://dexscreener.com/ethereum/0x6546055f46e866a4b9a4a13e81273e3152bae5da,0x2f8e27083cad12f5408d9d0913c1a8257a8711a434237f9ef8c6aa88d4268541
2026-09-05 03:03:35,Abraxas Heka Funds,0xb99a2c4c1c4f1fc27150681b740396f6ce1cbcf5,transfer_out,XAUt,0x06095cbeaf9fc4037d7eeb9fd46da85e300d8445,1000.00000000,,ETH,external,pulled by 0x9135…0366,0.0,0,,0xd9f5d28bff60d0fe38e70d960d2dd2fc8c6268a82e25a3f2d1df4d67584aad25
2026-09-06 08:02:11,Abraxas Heka Funds,0xb99a2c4c1c4f1fc27150681b740396f6ce1cbcf5,transfer_out,CBBTC,0xcbb7c0000ab88b473b1f5afd9ef808440eed33bf,0.01500000,1193.75,ETH,self,sent to 0x9841…aebd,79583.34,283201.73,https://dexscreener.com/ethereum/0x15aa01580ae866f9ff4dbe45e06e307941d90c7b,0x0d77fc8ca9d686414df34f442f3af72c4e809835e2d64b9b19cfd6f01cf22f05
2026-09-06 08:44:47,Abraxas Heka Funds,0xb99a2c4c1c4f1fc27150681b740396f6ce1cbcf5,transfer_out,CBBTC,0xcbb7c0000ab88b473b1f5afd9ef808440eed33bf,1000.00000000,79583340.00,ETH,self,sent to 0x9841…aebd,79583.34,283201.73,https://dexscreener.com/ethereum/0x15aa01580ae866f9ff4dbe45e06e307941d90c7b,0xe7e3c3436ab1424f599b406ba9ca8cce4ed986c629d8d3b2a54b613829564186
2026-09-06 08:50:59,Abraxas Heka Funds,0xb99a2c4c1c4f1fc27150681b740396f6ce1cbcf5,transfer_out,CBBTC,0xcbb7c0000ab88b473b1f5afd9ef808440eed33bf,0.00000000,0.00,ETH,external,pulled by 0x0124…6641,79583.34,283201.73,https://dexscreener.com/ethereum/0x15aa01580ae866f9ff4dbe45e06e307941d90c7b,0x6687ff05f896762ab1896f459f99900aebe6789c20e6c25e1a29c93d0d1bd165
2026-09-04 13:11:59,Abraxas (Arkham attrib.),0xed0c6079229e2d407672a117c22b62064f4a4312,transfer_out,XAUT,0x68749665ff8d2d112fa859aa293f07a622782f38,500.00000000,2210225.00,ETH,self,sent to 0x2850…1373,4420.45,2248465.62,https://dexscreener.com/ethereum/0x6546055f46e866a4b9a4a13e81273e3152bae5da,0x9342ac3adec3704e1e818274bb27da48a611d5b5743137f6ab97245dfc150963
2026-09-04 13:13:11,Abraxas (Arkham attrib.),0xed0c6079229e2d407672a117c22b62064f4a4312,transfer_out,XAUT,0x68749665ff8d2d112fa859aa293f07a622782f38,750.00000000,3315337.50,ETH,self,sent to 0x844a…d11f,4420.45,2248465.62,https://dexscreener.com/ethereum/0x6546055f46e866a4b9a4a13e81273e3152bae5da,0xcc60cadcfb6da5c14c54a72f747a9d35da3cd48d9fccde465fe5db27137eadbf
2026-09-04 13:14:47,Abraxas (Arkham attrib.),0xed0c6079229e2d407672a117c22b62064f4a4312,transfer_out,XAUT,0x68749665ff8d2d112fa859aa293f07a622782f38,250.00000000,1105112.50,ETH,self,sent to 0x109e…c671,4420.45,2248465.62,https://dexscreener.com/ethereum/0x6546055f46e866a4b9a4a13e81273e3152bae5da,0x2525c602bc8c858134ec60b20e52d1c03da19b577f2e41b326fb6ce740d12f59
2026-09-04 14:29:35,Abraxas (Arkham attrib.),0xed0c6079229e2d407672a117c22b62064f4a4312,transfer_out,XAUT,0x68749665ff8d2d112fa859aa293f07a622782f38,0.00000000,0.00,ETH,external,pulled by 0x0124…6641,4420.45,2248465.62,https://dexscreener.com/ethereum/0x6546055f46e866a4b9a4a13e81273e3152bae5da,0x9dab141abd4e374de716cba8c613cf5fbba0e046250966c42a631f94b4b6fcdf
2026-09-04 14:37:23,Abraxas (Arkham attrib.),0xed0c6079229e2d407672a117c22b62064f4a4312,transfer_out,XAUt,0x06095cbeaf9fc4037d7eeb9fd46da85e300d8445,1000.00000000,,ETH,external,pulled by 0x9135…0366,0.0,0,,0x22867c08f442062bed9a714e6f83068ad56a2f6fc0c267db5c40c4f316452de6
2026-09-04 15:05:59,Abraxas (Arkham attrib.),0xed0c6079229e2d407672a117c22b62064f4a4312,transfer_out,XAUt,0x06095cbeaf9fc4037d7eeb9fd46da85e300d8445,500.00000000,,ETH,external,pulled by 0x9135…0366,0.0,0,,0xb136d3d6721eb0d52e30fc8551eafd8da114e252601664770529b9af47980d20
2026-09-04 19:11:23,Abraxas (Arkham attrib.),0xed0c6079229e2d407672a117c22b62064f4a4312,transfer_in,USDC,0xa0b86991c6218b36c1d19d4a2e9eb0ce3606eb48,1503999.35560000,1503969.28,ETH,ERC1967Proxy,from 0x05ff…f381,0.99998,884010.98,https://dexscreener.com/ethereum/0x0fb0e40cec3bb23e13abc585958a93c796fbea56955e19a23727a716a0423239,0x5092dc3613b213c91b95eb757ab8ec735caa5bd970df711ab2273671479edf17
2026-09-04 19:17:59,Abraxas (Arkham attrib.),0xed0c6079229e2d407672a117c22b62064f4a4312,rotate,USDS,0xdc035d45d973e3ec169d2276ddab16f1e407384f,1503999.35560000,1503555.68,USDC,external,stable/ETH rotation,0.999705,218569.35,https://dexscreener.com/ethereum/0x3b1b1f2e775a6db1664f8e7d59ad568605ea2406312c11aef03146c0cf89d5b9,0x76166a41212f01fa8293212a55006beee4bcf8b9ff4e8d99c555488e8c36b641
2026-09-04 19:18:47,Abraxas (Arkham attrib.),0xed0c6079229e2d407672a117c22b62064f4a4312,defi,USDS,0xdc035d45d973e3ec169d2276ddab16f1e407384f,1503999.35560000,1503555.68,ETH,InitializableImmutableAdminUpgradeabilityProxy,repaywithpermit [InitializableImmutableAdminUpgradeabilityProxy],0.999705,218569.35,https://dexscreener.com/ethereum/0x3b1b1f2e775a6db1664f8e7d59ad568605ea2406312c11aef03146c0cf89d5b9,0xa30097f89b632d5aad398f7ac1b04adbb449f6282032fba2af9c9f8f28fa2134
2026-09-04 23:40:35,Abraxas (Arkham attrib.),0xed0c6079229e2d407672a117c22b62064f4a4312,transfer_in,USDC,0xa0b86991c6218b36c1d19d4a2e9eb0ce3606eb48,4999999.80000000,4999899.80,ETH,ERC1967Proxy,from 0x28c6…1d60,0.99998,884010.98,https://dexscreener.com/ethereum/0x0fb0e40cec3bb23e13abc585958a93c796fbea56955e19a23727a716a0423239,0x2a6884f855f3b86f9a6179d5881e30c17be0f41fcb60da358cc5a843fe5d000e
2026-09-04 23:43:35,Abraxas (Arkham attrib.),0xed0c6079229e2d407672a117c22b62064f4a4312,rotate,USDS,0xdc035d45d973e3ec169d2276ddab16f1e407384f,4999999.80000000,4998524.80,USDC,external,stable/ETH rotation,0.999705,218569.35,https://dexscreener.com/ethereum/0x3b1b1f2e775a6db1664f8e7d59ad568605ea2406312c11aef03146c0cf89d5b9,0x18402a74d9607cd9afa747de55f84dbf8e83fa07e9f4dd631e503ee0cf4fcf24
2026-09-04 23:46:35,Abraxas (Arkham attrib.),0xed0c6079229e2d407672a117c22b62064f4a4312,defi,USDS,0xdc035d45d973e3ec169d2276ddab16f1e407384f,4999999.80000000,4998524.80,ETH,InitializableImmutableAdminUpgradeabilityProxy,repaywithpermit [InitializableImmutableAdminUpgradeabilityProxy],0.999705,218569.35,https://dexscreener.com/ethereum/0x3b1b1f2e775a6db1664f8e7d59ad568605ea2406312c11aef03146c0cf89d5b9,0x37b49edf9bafd3827b0d64ef3bedb0fc32f7ea63866e352b4d0d3157bc7cc5b6
2026-09-05 00:12:47,Abraxas (Arkham attrib.),0xed0c6079229e2d407672a117c22b62064f4a4312,transfer_in,USDC,0xa0b86991c6218b36c1d19d4a2e9eb0ce3606eb48,1000000.00000000,999980.00,ETH,ERC1967Proxy,from 0x28c6…1d60,0.99998,884010.98,https://dexscreener.com/ethereum/0x0fb0e40cec3bb23e13abc585958a93c796fbea56955e19a23727a716a0423239,0x7163c86dcd7e96c701e22ab7c83a2390d0a856dd83cc0513d182adcbdf0ceea3
2026-09-05 00:25:35,Abraxas (Arkham attrib.),0xed0c6079229e2d407672a117c22b62064f4a4312,rotate,USDS,0xdc035d45d973e3ec169d2276ddab16f1e407384f,1000000.00000000,999705.00,USDC,external,stable/ETH rotation,0.999705,218569.35,https://dexscreener.com/ethereum/0x3b1b1f2e775a6db1664f8e7d59ad568605ea2406312c11aef03146c0cf89d5b9,0xd4c4bcd2135fcbe03189fcc568e5b35c64581c35b98d49b67834e384914aa854
2026-09-05 00:32:35,Abraxas (Arkham attrib.),0xed0c6079229e2d407672a117c22b62064f4a4312,defi,USDS,0xdc035d45d973e3ec169d2276ddab16f1e407384f,1000000.00000000,999705.00,ETH,InitializableImmutableAdminUpgradeabilityProxy,repaywithpermit [InitializableImmutableAdminUpgradeabilityProxy],0.999705,218569.35,https://dexscreener.com/ethereum/0x3b1b1f2e775a6db1664f8e7d59ad568605ea2406312c11aef03146c0cf89d5b9,0xe4330d4ee49dd7c7f7908da2575f007760e5b9738383efe06664904091ee0900
2026-09-05 09:27:11,Abraxas (Arkham attrib.),0xed0c6079229e2d407672a117c22b62064f4a4312,defi,USDT,0xdac17f958d2ee523a2206206994597c13d831ec7,1108000.00000000,1108000.00,ETH,InitializableImmutableAdminUpgradeabilityProxy,borrow [InitializableImmutableAdminUpgradeabilityProxy],1.0,867.28,https://dexscreener.com/ethereum/0xef3a1cae64848f9eb25022de4dcb77b40affe419-0xdac17f958d2ee523a2206206994597c13d831ec7-0xa0b86991c6218b36c1d19d4a2e9eb0ce3606eb48,0xfe178e692b554f1cdb9d19a9c016768cafbda1926406700ad3e61a96e4bda028
2026-09-05 09:28:11,Abraxas (Arkham attrib.),0xed0c6079229e2d407672a117c22b62064f4a4312,transfer_out,USDT,0xdac17f958d2ee523a2206206994597c13d831ec7,1160900.00000000,1160900.00,ETH,self,sent to 0x22dd…bc85,1.0,867.28,https://dexscreener.com/ethereum/0xef3a1cae64848f9eb25022de4dcb77b40affe419-0xdac17f958d2ee523a2206206994597c13d831ec7-0xa0b86991c6218b36c1d19d4a2e9eb0ce3606eb48,0x8c91ad199ebb16ff15a8d553ddd187ad72f14c6aa332b1bfd0fed1361636907d
2026-09-05 09:38:11,Abraxas (Arkham attrib.),0xed0c6079229e2d407672a117c22b62064f4a4312,transfer_in,USDT,0xdac17f958d2ee523a2206206994597c13d831ec7,0.00011600,0.00,ETH,external,from 0x4588…1548,1.0,867.28,https://dexscreener.com/ethereum/0xef3a1cae64848f9eb25022de4dcb77b40affe419-0xdac17f958d2ee523a2206206994597c13d831ec7-0xa0b86991c6218b36c1d19d4a2e9eb0ce3606eb48,0xc95321027f5fcb13dd40e17e617ae0fa222f2413eff8cb003716a943deff2861
2026-09-05 09:56:59,Abraxas (Arkham attrib.),0xed0c6079229e2d407672a117c22b62064f4a4312,transfer_in,USDT,0xdac17f958d2ee523a2206206994597c13d831ec7,1600000.00000000,1600000.00,ETH,external,from 0x28c6…1d60,1.0,867.28,https://dexscreener.com/ethereum/0xef3a1cae64848f9eb25022de4dcb77b40affe419-0xdac17f958d2ee523a2206206994597c13d831ec7-0xa0b86991c6218b36c1d19d4a2e9eb0ce3606eb48,0xd154f8fcbe41cd65c33ade0efb012d1239181e4bdd9e68f040995fd6d9a8613f
2026-09-05 09:58:11,Abraxas (Arkham attrib.),0xed0c6079229e2d407672a117c22b62064f4a4312,defi,USDT,0xdac17f958d2ee523a2206206994597c13d831ec7,1600777.81167400,1600777.81,ETH,InitializableImmutableAdminUpgradeabilityProxy,repay [InitializableImmutableAdminUpgradeabilityProxy],1.0,867.28,https://dexscreener.com/ethereum/0xef3a1cae64848f9eb25022de4dcb77b40affe419-0xdac17f958d2ee523a2206206994597c13d831ec7-0xa0b86991c6218b36c1d19d4a2e9eb0ce3606eb48,0x2ff800e9adae9ebf779010a8790161c3da6f3ef0d39fb863ac5768d5b9e8502e
2026-09-05 09:59:59,Abraxas (Arkham attrib.),0xed0c6079229e2d407672a117c22b62064f4a4312,transfer_out,USDT,0xdac17f958d2ee523a2206206994597c13d831ec7,0.00000000,0.00,ETH,external,pulled by 0x0124…6641,1.0,867.28,https://dexscreener.com/ethereum/0xef3a1cae64848f9eb25022de4dcb77b40affe419-0xdac17f958d2ee523a2206206994597c13d831ec7-0xa0b86991c6218b36c1d19d4a2e9eb0ce3606eb48,0x6c9ec351ea5bc668e96eca99f62b0c65c929ef01ba4e94d404735587125580cd
2026-09-06 08:01:47,Abraxas (Arkham attrib.),0xed0c6079229e2d407672a117c22b62064f4a4312,defi,USDS,0xdc035d45d973e3ec169d2276ddab16f1e407384f,5000000.00000000,4998525.00,ETH,InitializableImmutableAdminUpgradeabilityProxy,borrow [InitializableImmutableAdminUpgradeabilityProxy],0.999705,218569.35,https://dexscreener.com/ethereum/0x3b1b1f2e775a6db1664f8e7d59ad568605ea2406312c11aef03146c0cf89d5b9,0x9172c55908de5d1f93f89acc38f2c1edfa76c2c6ac6af17c0e1fb47f69d8fdd1
2026-09-06 08:07:35,Abraxas (Arkham attrib.),0xed0c6079229e2d407672a117c22b62064f4a4312,rotate,USDC,0xa0b86991c6218b36c1d19d4a2e9eb0ce3606eb48,5000000.00000000,4999900.00,USDS,external,stable/ETH rotation,0.99998,884010.98,https://dexscreener.com/ethereum/0x0fb0e40cec3bb23e13abc585958a93c796fbea56955e19a23727a716a0423239,0x0d1507f2c0cc59e6155b4b55615a9dc0f24f25595f72581096884d901b4843d0
2026-09-06 08:08:47,Abraxas (Arkham attrib.),0xed0c6079229e2d407672a117c22b62064f4a4312,transfer_out,USDC,0xa0b86991c6218b36c1d19d4a2e9eb0ce3606eb48,5000000.00000000,4999900.00,ETH,self,sent to 0xc29b…56fe,0.99998,884010.98,https://dexscreener.com/ethereum/0x0fb0e40cec3bb23e13abc585958a93c796fbea56955e19a23727a716a0423239,0x48c10707644ab43f2b07520b307694f514cfb372a12abd50ce484f46b75424f8
2026-09-06 08:16:11,Abraxas (Arkham attrib.),0xed0c6079229e2d407672a117c22b62064f4a4312,transfer_in,USDC,0xa0b86991c6218b36c1d19d4a2e9eb0ce3606eb48,0.00050000,0.00,ETH,external,from 0x4588…1548,0.99998,884010.98,https://dexscreener.com/ethereum/0x0fb0e40cec3bb23e13abc585958a93c796fbea56955e19a23727a716a0423239,0x49046099bc12d268cfd39ee95b35ed1fd13969b4a96720cd07bd5033df566ec4
2026-09-05 00:50:59,Wintermute trading,0xdbf5e9c5206d0db70a90108bf936da60221dc080,transfer_in,USDC,0xa0b86991c6218b36c1d19d4a2e9eb0ce3606eb48,500000.00010000,499990.00,ETH,external,from 0x21dc…a1b3,0.99998,884010.98,https://dexscreener.com/ethereum/0x0fb0e40cec3bb23e13abc585958a93c796fbea56955e19a23727a716a0423239,0x8273eb35ac36c51a69ca4ff9ce11914dd1a6ef476ff5567465970295d8c190eb
2026-09-05 00:51:59,Wintermute trading,0xdbf5e9c5206d0db70a90108bf936da60221dc080,transfer_in,XCN,0xa2cd3d43c775978a96bdbf12d733d5a1ed94fb18,100000000.00000000,410500.00,ETH,external,from 0xce84…f228,0.004105,784856.27,https://dexscreener.com/ethereum/0x859f7092f56c43bb48bb46de7119d9c799716cdf,0xb4134d64229b84376fa452ecfcbd0615a1197f24788abc40f2b09712f2c126ad
2026-09-05 01:09:35,Wintermute trading,0xdbf5e9c5206d0db70a90108bf936da60221dc080,transfer_out,USDC,0xa0b86991c6218b36c1d19d4a2e9eb0ce3606eb48,500000.00010000,499990.00,ETH,self,sent to 0xf819…73aa,0.99998,884010.98,https://dexscreener.com/ethereum/0x0fb0e40cec3bb23e13abc585958a93c796fbea56955e19a23727a716a0423239,0xdcc9905df30a46a76d5345b5ae63547807dd2e60cb669a51243d8c2573d0e203
2026-09-05 01:10:59,Wintermute trading,0xdbf5e9c5206d0db70a90108bf936da60221dc080,transfer_out,XCN,0xa2cd3d43c775978a96bdbf12d733d5a1ed94fb18,100000000.00000000,410500.00,ETH,self,sent to 0xf819…73aa,0.004105,784856.27,https://dexscreener.com/ethereum/0x859f7092f56c43bb48bb46de7119d9c799716cdf,0xd5add4efc4ceeeb5f1d6c60d10dedce3e31fb6069e22dee91ca3411965cbb3bd
2026-09-05 10:39:47,Wintermute trading,0xdbf5e9c5206d0db70a90108bf936da60221dc080,transfer_in,USDC,0xa0b86991c6218b36c1d19d4a2e9eb0ce3606eb48,250000.00000000,249995.00,ETH,external,from 0xce84…f228,0.99998,884010.98,https://dexscreener.com/ethereum/0x0fb0e40cec3bb23e13abc585958a93c796fbea56955e19a23727a716a0423239,0x0432f7e11e1b876b327c828408769195ae0dd2654fda5e9946ee3b5fa123489d
2026-09-04 09:03:35,Cumberland,0x87b49a99cbce4a9030e67919b776aa97d538adda,transfer_out,BAT,0x0d8775f648430679a709e98d2b0cb6250d2887ef,31577.00000000,2267.86,ETH,self,sent to 0x040d…0f3f,0.07182,156566.89,https://dexscreener.com/ethereum/0xae614a7a56cb79c04df2aeba6f5dab80a39ca78e,0x6f00a85c2dd7561a0c473d43c4d37fbd39377655ed766b5a15a5adcf0d5ca824
2026-09-04 09:03:47,Cumberland,0x87b49a99cbce4a9030e67919b776aa97d538adda,transfer_out,LINK,0x514910771af9ca656af840dff83e8264ecf986ca,234.30000000,2853.77,ETH,self,sent to 0x040d…0f3f,12.18,422791.59,https://dexscreener.com/ethereum/0x5d4f3c6fa16908609bac31ff148bd002aa6b8c83,0xdb04a5d57e7fe25ddb04d0b36c1b751135a2a8bb9e5f9c9662dc036ac60ac9b0
2026-09-04 09:25:11,Cumberland,0x87b49a99cbce4a9030e67919b776aa97d538adda,transfer_in,USDT,0xdac17f958d2ee523a2206206994597c13d831ec7,6118085.38519300,6118085.39,ETH,external,from 0xbbe1…4ed9,1.0,867.28,https://dexscreener.com/ethereum/0xef3a1cae64848f9eb25022de4dcb77b40affe419-0xdac17f958d2ee523a2206206994597c13d831ec7-0xa0b86991c6218b36c1d19d4a2e9eb0ce3606eb48,0x210de3eba51f2b13df161305da65cd72e4f168a860a0f2f51ff919db80c9d6e1
2026-09-04 09:29:23,Cumberland,0x87b49a99cbce4a9030e67919b776aa97d538adda,transfer_out,USDT,0xdac17f958d2ee523a2206206994597c13d831ec7,5000000.00000000,5000000.00,ETH,self,sent to 0x040d…0f3f,1.0,867.28,https://dexscreener.com/ethereum/0xef3a1cae64848f9eb25022de4dcb77b40affe419-0xdac17f958d2ee523a2206206994597c13d831ec7-0xa0b86991c6218b36c1d19d4a2e9eb0ce3606eb48,0xa086a01bfb9ad124a69c6ab7f205e38baa8d6361fab370d497d2a9d6fd8aec58
2026-09-04 09:30:35,Cumberland,0x87b49a99cbce4a9030e67919b776aa97d538adda,transfer_out,USDT,0xdac17f958d2ee523a2206206994597c13d831ec7,1000000.00000000,1000000.00,ETH,self,sent to 0x040d…0f3f,1.0,867.28,https://dexscreener.com/ethereum/0xef3a1cae64848f9eb25022de4dcb77b40affe419-0xdac17f958d2ee523a2206206994597c13d831ec7-0xa0b86991c6218b36c1d19d4a2e9eb0ce3606eb48,0xbf7e9a1cb4e631af988882b9415273778e64d653bbabe6238c79e126b1638f3a
2026-09-04 09:57:59,Cumberland,0x87b49a99cbce4a9030e67919b776aa97d538adda,transfer_out,USDC,0xa0b86991c6218b36c1d19d4a2e9eb0ce3606eb48,11.66452200,11.66,ETH,self,sent to 0x1eed…ab07,0.99998,884010.98,https://dexscreener.com/ethereum/0x0fb0e40cec3bb23e13abc585958a93c796fbea56955e19a23727a716a0423239,0xbb9a38aedf26cfd7888f6ea3b638ca5cfbec9e6dd56998671db9da1ed76412b9
2026-09-04 09:58:11,Cumberland,0x87b49a99cbce4a9030e67919b776aa97d538adda,transfer_out,USDT,0xdac17f958d2ee523a2206206994597c13d831ec7,924292.95830900,924292.96,ETH,self,sent to 0x1eed…ab07,1.0,867.28,https://dexscreener.com/ethereum/0xef3a1cae64848f9eb25022de4dcb77b40affe419-0xdac17f958d2ee523a2206206994597c13d831ec7-0xa0b86991c6218b36c1d19d4a2e9eb0ce3606eb48,0x8f1522402f8920868559de38fb652380acc87a99bc4d1b28326411187a632af4
2026-09-04 13:39:59,Cumberland,0x87b49a99cbce4a9030e67919b776aa97d538adda,transfer_in,USDT,0xdac17f958d2ee523a2206206994597c13d831ec7,3930421.70000000,3930421.70,ETH,external,from 0x040d…0f3f,1.0,867.28,https://dexscreener.com/ethereum/0xef3a1cae64848f9eb25022de4dcb77b40affe419-0xdac17f958d2ee523a2206206994597c13d831ec7-0xa0b86991c6218b36c1d19d4a2e9eb0ce3606eb48,0x4353e3623f446f6f07bd80894a756ec258e6a8b5a323df9b338d5bf1c7f80c69
2026-09-04 14:08:23,Cumberland,0x87b49a99cbce4a9030e67919b776aa97d538adda,transfer_out,USDT,0xdac17f958d2ee523a2206206994597c13d831ec7,4048508.10546500,4048508.11,ETH,self,sent to 0x75b8…da1e,1.0,867.28,https://dexscreener.com/ethereum/0xef3a1cae64848f9eb25022de4dcb77b40affe419-0xdac17f958d2ee523a2206206994597c13d831ec7-0xa0b86991c6218b36c1d19d4a2e9eb0ce3606eb48,0x4acd3824d1feeb1f61cb62e4f46ec91cfe3029bdd55c82aef9a5875c5f370fc1
2026-09-04 14:38:23,Cumberland,0x87b49a99cbce4a9030e67919b776aa97d538adda,transfer_in,SUKI,0x018d771bcbeb97a34323bb0d0068cc0ee5bc44b6,100.00000000,0.00,ETH,Disperse,from 0x7e79…7aa1,1.013e-05,8038.19,https://dexscreener.com/ethereum/0x6b878ecb506e8359c92a514de63d33756052322c,0xb00413cc878c374a561dbc08e48655c387e7faac45c81bf1bb2cefb75188557e
2026-09-04 15:18:59,Cumberland,0x87b49a99cbce4a9030e67919b776aa97d538adda,transfer_out,PEPE,0x6982508145454ce325ddbe47a25d4ec3d2311933,13774106.00000000,49.90,ETH,self,sent to 0x040d…0f3f,3.623e-06,27734541.78,https://dexscreener.com/ethereum/0xa43fe16908251ee70ef74718545e4fe6c5ccec9f,0x0743c391b12635688143b7d174db3dd84a6ecc24768a473f391e266bae66148f
2026-09-04 15:32:23,Cumberland,0x87b49a99cbce4a9030e67919b776aa97d538adda,transfer_in,AAVE,0x7fc66500c84a76ad7e9c93437bfc5ac33e2ddae9,46.85000000,6280.20,ETH,external,from 0x040d…0f3f,134.049,436657.95,https://dexscreener.com/ethereum/0x4674abc5796e1334b5075326b39b748bee9eaa34,0xb9bb23db9727406c06e4ce210cfac597341cb6526b0e616f56d252bd4335feee
2026-09-04 15:44:47,Cumberland,0x87b49a99cbce4a9030e67919b776aa97d538adda,transfer_out,AAVE,0x7fc66500c84a76ad7e9c93437bfc5ac33e2ddae9,104.30008979,13981.32,ETH,self,sent to 0x49e9…f51a,134.049,436657.95,https://dexscreener.com/ethereum/0x4674abc5796e1334b5075326b39b748bee9eaa34,0x22ebbc00c00a8b52d86f4c65e0d67e72e2f3b7b71212b1b926d0d76ae33bd485
2026-09-04 17:04:47,Cumberland,0x87b49a99cbce4a9030e67919b776aa97d538adda,transfer_in,LINK,0x514910771af9ca656af840dff83e8264ecf986ca,3827.61668951,46620.37,ETH,external,from 0x264b…97b5,12.18,422791.59,https://dexscreener.com/ethereum/0x5d4f3c6fa16908609bac31ff148bd002aa6b8c83,0x293bd98c90c0165ea21f490f35dc353b82ea647f1788c28072b3cbdc15d872cd
2026-09-04 17:04:47,Cumberland,0x87b49a99cbce4a9030e67919b776aa97d538adda,transfer_in,UNI,0x1f9840a85d5af5bf1d1762f925bdaddc4201f984,5261.71606271,36463.69,ETH,external,from 0x264b…97b5,6.93,422881.68,https://dexscreener.com/ethereum/0xfaa318479b7755b2dbfdd34dc306cb28b420ad12,0xd4844b3e97e389b407491e59c3b97f0d8763841d43c193c20b1706d5d11a94b6
2026-09-04 16:28:59,Cumberland 2,0xad6eaa735d9df3d7696fd03984379dae02ed8862,transfer_in,WLFI,0xda5e1988097297dcdc1f90d4dfe7909e847cbef6,25.00000000,1.43,ETH,external,from 0xb51b…006d,0.05701,1484740.27,https://dexscreener.com/ethereum/0x238f00fcfd4f0c5930028237c6a1b395f4c0fc74,0xb4d39d29de35379bb0092204746315b3c2e8bc8ec734889b1aec2e8d6cd8e6e2
2026-09-04 16:29:59,Cumberland 2,0xad6eaa735d9df3d7696fd03984379dae02ed8862,transfer_in,VIRTUAL,0x44ff8620b8ca30902395a7bd3f2407e1a091bf73,2.00000000,1.36,ETH,external,from 0xb51b…006d,0.6799,261169.27,https://dexscreener.com/ethereum/0x95a45a87dd4d3a1803039072f37e075f37b23d75,0xb288836770cdcc4d8bc98e1d4ef410197a3e570f503d06ff83eac4f8163c1005
2026-09-04 16:42:59,Cumberland 2,0xad6eaa735d9df3d7696fd03984379dae02ed8862,transfer_in,PEPE,0x6982508145454ce325ddbe47a25d4ec3d2311933,500000.00000000,1.81,ETH,external,from 0xb51b…006d,3.623e-06,27734541.78,https://dexscreener.com/ethereum/0xa43fe16908251ee70ef74718545e4fe6c5ccec9f,0xaf72c04431ff3fc063f90c4692c1f97c9774710daec7d8b4bc83580494892dfc
2026-09-04 16:56:23,Cumberland 2,0xad6eaa735d9df3d7696fd03984379dae02ed8862,transfer_in,MNT,0x3c3a81e81dc49a522a592e7622a7e711c06bf354,749.43000000,451.61,ETH,external,from 0x841e…3a34,0.6026,3636422.67,https://dexscreener.com/ethereum/0x9aac67deef711d438ad711ae495b8cb43a6ee1a8,0x1f6f56e7b282bb499b8c6a7bf1049048f6e3cd325f0f5d80ce3a40860aebed87
2026-09-04 16:56:47,Cumberland 2,0xad6eaa735d9df3d7696fd03984379dae02ed8862,transfer_in,WLFI,0xda5e1988097297dcdc1f90d4dfe7909e847cbef6,30379.60000000,1731.94,ETH,external,from 0x841e…3a34,0.05701,1484740.27,https://dexscreener.com/ethereum/0x238f00fcfd4f0c5930028237c6a1b395f4c0fc74,0xb0cdb7d51cc68e629cacf703cf6db6d94512851e14b86ab17c71a78886b12c2d
2026-09-04 19:58:47,Cumberland 2,0xad6eaa735d9df3d7696fd03984379dae02ed8862,transfer_out,LIT,0x232ce3bd40fcd6f80f3d55a522d03f25df784ee2,14.00000000,64.40,ETH,self,sent to 0x040d…0f3f,4.6,1042557.84,https://dexscreener.com/ethereum/0x8366b1dde4de12c8806985fbb599d408d92d01a6faf2e478cc6bb76189cc00f1,0x76ec44f12b8ed77c7f7f7ca04e1a431a3b05e364304ab872eeef79515216c8a6
2026-09-04 10:44:23,Galaxy Digital OTC,0x33566c9d8be6cf0b23795e0d380e112be9d75836,transfer_out,USDT,0xdac17f958d2ee523a2206206994597c13d831ec7,4100000.00000000,4100000.00,ETH,self,sent to 0x66be…83da,1.0,867.28,https://dexscreener.com/ethereum/0xef3a1cae64848f9eb25022de4dcb77b40affe419-0xdac17f958d2ee523a2206206994597c13d831ec7-0xa0b86991c6218b36c1d19d4a2e9eb0ce3606eb48,0x1f1c5730f3b34e0c66629f2891a8032fc78a436009701d9efac0adae2c49fa9e
2026-09-04 12:02:47,Galaxy Digital OTC,0x33566c9d8be6cf0b23795e0d380e112be9d75836,transfer_out,USDC,0xa0b86991c6218b36c1d19d4a2e9eb0ce3606eb48,10000.00000000,9999.80,ETH,self,sent to 0x66be…83da,0.99998,884010.98,https://dexscreener.com/ethereum/0x0fb0e40cec3bb23e13abc585958a93c796fbea56955e19a23727a716a0423239,0x9431d1bafd735c271e428cccfbafb8374b0bfe6faf3677e6fa2865a5ffc2cb1b
2026-09-04 13:26:23,Galaxy Digital OTC,0x33566c9d8be6cf0b23795e0d380e112be9d75836,transfer_in,USDC,0xa0b86991c6218b36c1d19d4a2e9eb0ce3606eb48,20000000.00000000,19999600.00,ETH,external,from 0x1e4e…8c7d,0.99998,884010.98,https://dexscreener.com/ethereum/0x0fb0e40cec3bb23e13abc585958a93c796fbea56955e19a23727a716a0423239,0xb71e98dd8cee10f4f63508ec76e250cfa32ae0868e0a84f96a344cd946355c01
2026-09-04 13:47:47,Galaxy Digital OTC,0x33566c9d8be6cf0b23795e0d380e112be9d75836,transfer_out,USDC,0xa0b86991c6218b36c1d19d4a2e9eb0ce3606eb48,20000000.00000000,19999600.00,ETH,self,sent to 0x1e4e…8c7d,0.99998,884010.98,https://dexscreener.com/ethereum/0x0fb0e40cec3bb23e13abc585958a93c796fbea56955e19a23727a716a0423239,0xe05aaf47b6dfd5bda3a52b3cba41495ca469ddeedf3cdaf028cfe8d1821f2fa5
2026-09-04 14:12:11,Galaxy Digital OTC,0x33566c9d8be6cf0b23795e0d380e112be9d75836,transfer_in,AAVE,0x7fc66500c84a76ad7e9c93437bfc5ac33e2ddae9,0.10671309,14.30,ETH,external,from 0x94e8…cd83,134.049,436657.95,https://dexscreener.com/ethereum/0x4674abc5796e1334b5075326b39b748bee9eaa34,0x0ff234f99a976ed6eac7debc8bf13dd9dadf883c3a30a01a5afb70d596a833ba
2026-09-04 14:13:59,Galaxy Digital OTC,0x33566c9d8be6cf0b23795e0d380e112be9d75836,transfer_in,UNI,0x1f9840a85d5af5bf1d1762f925bdaddc4201f984,8.00000000,55.44,ETH,external,from 0x94e8…cd83,6.93,422881.68,https://dexscreener.com/ethereum/0xfaa318479b7755b2dbfdd34dc306cb28b420ad12,0x1c25ac0684d349e139add258cd78c0e9cdaf1651d6a64dc133f34d456ffa2f41
2026-09-04 15:00:23,Galaxy Digital OTC,0x33566c9d8be6cf0b23795e0d380e112be9d75836,transfer_out,LINK,0x514910771af9ca656af840dff83e8264ecf986ca,0.35070519,4.27,ETH,self,sent to 0x919e…30ff,12.18,422791.59,https://dexscreener.com/ethereum/0x5d4f3c6fa16908609bac31ff148bd002aa6b8c83,0xd90b49dff03a9865aa667860285c4b75e4e859b39043859878b5d57aa7580b97
2026-09-04 15:00:35,Galaxy Digital OTC,0x33566c9d8be6cf0b23795e0d380e112be9d75836,transfer_out,MANA,0x0f5d2fb29fb7d3cfee444a200298f468908cc942,1300.00000000,97.51,ETH,self,sent to 0x919e…30ff,0.07501,75615.66,https://dexscreener.com/ethereum/0x11b1f53204d03e5529f09eb3091939e4fd8c9cf3,0x0cad826895f680f21aa5a4c2709c8fb89825abc55b0f949687438a0b7377df4c
2026-09-04 15:00:35,Galaxy Digital OTC,0x33566c9d8be6cf0b23795e0d380e112be9d75836,transfer_out,BAT,0x0d8775f648430679a709e98d2b0cb6250d2887ef,699.54722900,50.24,ETH,self,sent to 0x919e…30ff,0.07182,156566.89,https://dexscreener.com/ethereum/0xae614a7a56cb79c04df2aeba6f5dab80a39ca78e,0x2193c9f064d8060d4d18353b85b26261a29f3de5cf9a77fe3bc8372cf2f061e4
2026-09-04 15:00:35,Galaxy Digital OTC,0x33566c9d8be6cf0b23795e0d380e112be9d75836,transfer_out,LPT,0x58b6a8a3302369daec383334672404ee733ab239,34.49177332,50.36,ETH,self,sent to 0x919e…30ff,1.46,33517.32,https://dexscreener.com/ethereum/0x755c1a8f71f4210cd7b60b9439451efcbeba33d1,0x587ebb305044efb13daf1c25b9485fc4dfb7f6a3f978b614ef49b48d90648ef0
2026-09-04 15:00:35,Galaxy Digital OTC,0x33566c9d8be6cf0b23795e0d380e112be9d75836,transfer_out,COMP,0xc00e94cb662c3520282e6f5717214004a7f26888,0.40000000,8.39,ETH,self,sent to 0x919e…30ff,20.97,145800.84,https://dexscreener.com/ethereum/0xcffdded873554f362ac02f8fb1f02e5ada10516f,0x8995aefcb93b165ea81152897d6f8edb9a5949fcece89260092a177c61f6ba34
2026-09-04 15:04:23,Galaxy Digital OTC,0x33566c9d8be6cf0b23795e0d380e112be9d75836,transfer_out,USDT,0xdac17f958d2ee523a2206206994597c13d831ec7,79960.02000000,79960.02,ETH,self,sent to 0x295c…92c3,1.0,867.28,https://dexscreener.com/ethereum/0xef3a1cae64848f9eb25022de4dcb77b40affe419-0xdac17f958d2ee523a2206206994597c13d831ec7-0xa0b86991c6218b36c1d19d4a2e9eb0ce3606eb48,0x6184abdbe5ac75892a2f6f1d7172043a1e3ace3516e1a04dabb7aa4d5cc613d5
2026-09-04 18:43:11,Galaxy Digital OTC,0x33566c9d8be6cf0b23795e0d380e112be9d75836,transfer_in,CBBTC,0xcbb7c0000ab88b473b1f5afd9ef808440eed33bf,200.00000000,15916668.00,ETH,external,from 0x7830…6f43,79583.34,283201.73,https://dexscreener.com/ethereum/0x15aa01580ae866f9ff4dbe45e06e307941d90c7b,0xe48eace7cdcb05a10a82c878bb966a01cf18f0b271097d7a1d441ff781f4240a
2026-09-04 19:00:23,Galaxy Digital OTC,0x33566c9d8be6cf0b23795e0d380e112be9d75836,transfer_in,CBBTC,0xcbb7c0000ab88b473b1f5afd9ef808440eed33bf,160.00000000,12733334.40,ETH,external,from 0x7830…6f43,79583.34,283201.73,https://dexscreener.com/ethereum/0x15aa01580ae866f9ff4dbe45e06e307941d90c7b,0x8c475e709461228ae91dc294443f82797fa8552fa05656be151bd6058589b2dc
2026-09-04 19:30:11,Galaxy Digital OTC,0x33566c9d8be6cf0b23795e0d380e112be9d75836,transfer_in,CBBTC,0xcbb7c0000ab88b473b1f5afd9ef808440eed33bf,180.00000000,14325001.20,ETH,external,from 0x7830…6f43,79583.34,283201.73,https://dexscreener.com/ethereum/0x15aa01580ae866f9ff4dbe45e06e307941d90c7b,0x766093fa144a792583db4f799c4e53726e2bd8b8324c8e15e28dde992e551850
2026-09-04 19:38:47,Galaxy Digital OTC,0x33566c9d8be6cf0b23795e0d380e112be9d75836,transfer_in,CBBTC,0xcbb7c0000ab88b473b1f5afd9ef808440eed33bf,200.00000000,15916668.00,ETH,external,from 0x7830…6f43,79583.34,283201.73,https://dexscreener.com/ethereum/0x15aa01580ae866f9ff4dbe45e06e307941d90c7b,0x9052145168a892755249ea5ef95d3c4bcb4a4a7ef110f102a9db620f08687573
2026-09-04 19:44:11,Galaxy Digital OTC,0x33566c9d8be6cf0b23795e0d380e112be9d75836,transfer_in,CBBTC,0xcbb7c0000ab88b473b1f5afd9ef808440eed33bf,105.00000000,8356250.70,ETH,external,from 0x7830…6f43,79583.34,283201.73,https://dexscreener.com/ethereum/0x15aa01580ae866f9ff4dbe45e06e307941d90c7b,0x7bab6b7dc189ef45d979e84fef83570013520d86821876918ee5f81682d06503
2026-09-04 19:47:47,Galaxy Digital OTC,0x33566c9d8be6cf0b23795e0d380e112be9d75836,transfer_in,CBBTC,0xcbb7c0000ab88b473b1f5afd9ef808440eed33bf,190.00000000,15120834.60,ETH,external,from 0x7830…6f43,79583.34,283201.73,https://dexscreener.com/ethereum/0x15aa01580ae866f9ff4dbe45e06e307941d90c7b,0x7074ac1e6cfb82a8adb4dfccd2aea24b52713163bac6dcc15081f1bfab934ca0
2026-09-04 19:49:11,Galaxy Digital OTC,0x33566c9d8be6cf0b23795e0d380e112be9d75836,transfer_in,USDC,0xa0b86991c6218b36c1d19d4a2e9eb0ce3606eb48,2000000.00000000,1999960.00,ETH,external,from 0x7830…6f43,0.99998,884010.98,https://dexscreener.com/ethereum/0x0fb0e40cec3bb23e13abc585958a93c796fbea56955e19a23727a716a0423239,0xd1a30d6ed9521f4c9d7d4c1c4baacd33d91a4f2ce4d0ac451ccd295c3012262c
2026-09-04 19:50:11,Galaxy Digital OTC,0x33566c9d8be6cf0b23795e0d380e112be9d75836,transfer_in,CBBTC,0xcbb7c0000ab88b473b1f5afd9ef808440eed33bf,165.00000000,13131251.10,ETH,external,from 0x7830…6f43,79583.34,283201.73,https://dexscreener.com/ethereum/0x15aa01580ae866f9ff4dbe45e06e307941d90c7b,0x269fe570146c7322e0374ef806177f92ac05d6a513d9d0c526333722bc084dd5
2026-09-04 19:55:35,Galaxy Digital OTC,0x33566c9d8be6cf0b23795e0d380e112be9d75836,transfer_out,USDC,0xa0b86991c6218b36c1d19d4a2e9eb0ce3606eb48,1953414.65900000,1953375.59,ETH,self,sent to 0x3670…3c41,0.99998,884010.98,https://dexscreener.com/ethereum/0x0fb0e40cec3bb23e13abc585958a93c796fbea56955e19a23727a716a0423239,0x5698d5fb66186f8f7146ec902064694def43d6a32dbf9f71e9ef37163d0ec62a
2026-09-04 19:55:35,Galaxy Digital OTC,0x33566c9d8be6cf0b23795e0d380e112be9d75836,transfer_out,CBBTC,0xcbb7c0000ab88b473b1f5afd9ef808440eed33bf,1200.00000000,95500008.00,ETH,self,sent to 0x15ab…de48,79583.34,283201.73,https://dexscreener.com/ethereum/0x15aa01580ae866f9ff4dbe45e06e307941d90c7b,0xd348057d553bf1423c02be41d4b8f7e4e27ee1614a7c5fc6b84a0edbc47b2683
2026-09-04 19:55:47,Galaxy Digital OTC,0x33566c9d8be6cf0b23795e0d380e112be9d75836,transfer_out,USDT,0xdac17f958d2ee523a2206206994597c13d831ec7,49985.00000000,49985.00,ETH,self,sent to 0x295c…92c3,1.0,867.28,https://dexscreener.com/ethereum/0xef3a1cae64848f9eb25022de4dcb77b40affe419-0xdac17f958d2ee523a2206206994597c13d831ec7-0xa0b86991c6218b36c1d19d4a2e9eb0ce3606eb48,0x4bd3291db07dfdf411af87483b5b09403d8f2d7a4b28b93230ead8f04842d285
2026-09-04 20:13:23,Galaxy Digital OTC,0x33566c9d8be6cf0b23795e0d380e112be9d75836,transfer_in,USDC,0xa0b86991c6218b36c1d19d4a2e9eb0ce3606eb48,30000000.00000000,29999400.00,ETH,EntryPoint,from 0x81e3…b98e,0.99998,884010.98,https://dexscreener.com/ethereum/0x0fb0e40cec3bb23e13abc585958a93c796fbea56955e19a23727a716a0423239,0x92ceb6e45458af99f2fd62a574b68996842f2592a466da3291f9cec2ca4d3a36
2026-09-04 20:25:11,Galaxy Digital OTC,0x33566c9d8be6cf0b23795e0d380e112be9d75836,transfer_out,USDC,0xa0b86991c6218b36c1d19d4a2e9eb0ce3606eb48,30000000.00000000,29999400.00,ETH,self,sent to 0x15ab…de48,0.99998,884010.98,https://dexscreener.com/ethereum/0x0fb0e40cec3bb23e13abc585958a93c796fbea56955e19a23727a716a0423239,0x255955a317d6de9cca98b9f19e14c946f3c63d5c868ed51c7a16d2d5691c09e6
2026-09-04 20:46:11,Galaxy Digital OTC,0x33566c9d8be6cf0b23795e0d380e112be9d75836,transfer_in,USDC,0xa0b86991c6218b36c1d19d4a2e9eb0ce3606eb48,1000000.00000000,999980.00,ETH,external,from 0x7830…6f43,0.99998,884010.98,https://dexscreener.com/ethereum/0x0fb0e40cec3bb23e13abc585958a93c796fbea56955e19a23727a716a0423239,0xee18213c948491d4700acfd3d92e7615d2c559da89149e89f5f71adae3c39481
2026-09-04 20:57:59,Galaxy Digital OTC,0x33566c9d8be6cf0b23795e0d380e112be9d75836,transfer_out,USDC,0xa0b86991c6218b36c1d19d4a2e9eb0ce3606eb48,2000000.00000000,1999960.00,ETH,self,sent to 0x864e…55ed,0.99998,884010.98,https://dexscreener.com/ethereum/0x0fb0e40cec3bb23e13abc585958a93c796fbea56955e19a23727a716a0423239,0x487dea8e3d18554ec878ee9fcdec44d6c2522819463c56cf437d019e9e390a59
2026-09-05 23:39:59,Galaxy Digital OTC,0x33566c9d8be6cf0b23795e0d380e112be9d75836,transfer_out,USDT,0xdac17f958d2ee523a2206206994597c13d831ec7,1200000.00000000,1200000.00,ETH,self,sent to 0x16f6…1fde,1.0,867.28,https://dexscreener.com/ethereum/0xef3a1cae64848f9eb25022de4dcb77b40affe419-0xdac17f958d2ee523a2206206994597c13d831ec7-0xa0b86991c6218b36c1d19d4a2e9eb0ce3606eb48,0xf2212401d52fbff0c6bd8f9d30785b27911fccde3f35073b518a756f4e3e4cc9
2026-09-06 02:25:11,Galaxy Digital OTC,0x33566c9d8be6cf0b23795e0d380e112be9d75836,transfer_in,USDC,0xa0b86991c6218b36c1d19d4a2e9eb0ce3606eb48,8931.29280000,8931.11,ETH,external,from 0xb764…fee9,0.99998,884010.98,https://dexscreener.com/ethereum/0x0fb0e40cec3bb23e13abc585958a93c796fbea56955e19a23727a716a0423239,0x17d5c794a580ce86ec0c1fe7e6cf087caf6be81738dfcf92846f4a44454dbefa
2026-09-04 09:04:59,Jump Trading,0xf584f8728b874a6a5c7a8d4d387c9aae9172d621,transfer_out,USDT,0xdac17f958d2ee523a2206206994597c13d831ec7,747055.63000000,747055.63,ETH,self,sent to 0xd6b3…9326,1.0,867.28,https://dexscreener.com/ethereum/0xef3a1cae64848f9eb25022de4dcb77b40affe419-0xdac17f958d2ee523a2206206994597c13d831ec7-0xa0b86991c6218b36c1d19d4a2e9eb0ce3606eb48,0x7ed58f4304def0643fecfc94c3d8aa56506b3452a7c1113808376e66652d3555
2026-09-04 09:06:35,Jump Trading,0xf584f8728b874a6a5c7a8d4d387c9aae9172d621,transfer_out,USDT,0xdac17f958d2ee523a2206206994597c13d831ec7,51562.24000000,51562.24,ETH,self,sent to 0x30f2…8940,1.0,867.28,https://dexscreener.com/ethereum/0xef3a1cae64848f9eb25022de4dcb77b40affe419-0xdac17f958d2ee523a2206206994597c13d831ec7-0xa0b86991c6218b36c1d19d4a2e9eb0ce3606eb48,0x4219910c1fc6ec7d82bfb19fce7d29f8cd1fcea67a69afb01c8ac1efdaf3f852
2026-09-04 09:34:23,Jump Trading,0xf584f8728b874a6a5c7a8d4d387c9aae9172d621,transfer_in,USDT,0xdac17f958d2ee523a2206206994597c13d831ec7,5576.64608700,5576.65,ETH,external,from 0x7830…6f43,1.0,867.28,https://dexscreener.com/ethereum/0xef3a1cae64848f9eb25022de4dcb77b40affe419-0xdac17f958d2ee523a2206206994597c13d831ec7-0xa0b86991c6218b36c1d19d4a2e9eb0ce3606eb48,0xedc8ee104f522fe26c08b3789941689e817eb91d4e720bca9f4efad6ecf9c7ee
2026-09-04 09:34:47,Jump Trading,0xf584f8728b874a6a5c7a8d4d387c9aae9172d621,transfer_out,USDT,0xdac17f958d2ee523a2206206994597c13d831ec7,224959.59000000,224959.59,ETH,self,sent to 0xd6b3…9326,1.0,867.28,https://dexscreener.com/ethereum/0xef3a1cae64848f9eb25022de4dcb77b40affe419-0xdac17f958d2ee523a2206206994597c13d831ec7-0xa0b86991c6218b36c1d19d4a2e9eb0ce3606eb48,0x18dddfb12bddd8bc471784cf2dea6c58b49fbb2145f29223f584659266b6f938
2026-09-04 09:35:47,Jump Trading,0xf584f8728b874a6a5c7a8d4d387c9aae9172d621,transfer_out,USDT,0xdac17f958d2ee523a2206206994597c13d831ec7,41040.84000000,41040.84,ETH,self,sent to 0x30f2…8940,1.0,867.28,https://dexscreener.com/ethereum/0xef3a1cae64848f9eb25022de4dcb77b40affe419-0xdac17f958d2ee523a2206206994597c13d831ec7-0xa0b86991c6218b36c1d19d4a2e9eb0ce3606eb48,0x2ad3da5f0303171f190aba411dccdea3e7a46800a0a03f18dc9990d966a5b83a
2026-09-04 09:50:23,Jump Trading,0xf584f8728b874a6a5c7a8d4d387c9aae9172d621,transfer_out,USDT,0xdac17f958d2ee523a2206206994597c13d831ec7,260490.04000000,260490.04,ETH,self,sent to 0xd6b3…9326,1.0,867.28,https://dexscreener.com/ethereum/0xef3a1cae64848f9eb25022de4dcb77b40affe419-0xdac17f958d2ee523a2206206994597c13d831ec7-0xa0b86991c6218b36c1d19d4a2e9eb0ce3606eb48,0xa6aa8ea3d4997a03407d574fec9bcf2ecabe8d69d75180eeefe0f7b7fa1b34d6
2026-09-04 09:50:47,Jump Trading,0xf584f8728b874a6a5c7a8d4d387c9aae9172d621,transfer_in,USDT,0xdac17f958d2ee523a2206206994597c13d831ec7,65434.45000000,65434.45,ETH,external,from 0x4634…9758,1.0,867.28,https://dexscreener.com/ethereum/0xef3a1cae64848f9eb25022de4dcb77b40affe419-0xdac17f958d2ee523a2206206994597c13d831ec7-0xa0b86991c6218b36c1d19d4a2e9eb0ce3606eb48,0x4a8a772f6f3a46962883a43a01feeba7d663863fd746c2f959f86ca2a43e6be0
2026-09-04 09:51:59,Jump Trading,0xf584f8728b874a6a5c7a8d4d387c9aae9172d621,transfer_out,USDT,0xdac17f958d2ee523a2206206994597c13d831ec7,1052928.35000000,1052928.35,ETH,self,sent to 0xc7d3…e668,1.0,867.28,https://dexscreener.com/ethereum/0xef3a1cae64848f9eb25022de4dcb77b40affe419-0xdac17f958d2ee523a2206206994597c13d831ec7-0xa0b86991c6218b36c1d19d4a2e9eb0ce3606eb48,0x600d6e58d4d026c64bea24dbaf3e2bd51ca705205ce76a8dd13a21777f229d5f
2026-09-04 10:21:35,Jump Trading,0xf584f8728b874a6a5c7a8d4d387c9aae9172d621,transfer_out,USDT,0xdac17f958d2ee523a2206206994597c13d831ec7,343454.10000000,343454.10,ETH,self,sent to 0xd6b3…9326,1.0,867.28,https://dexscreener.com/ethereum/0xef3a1cae64848f9eb25022de4dcb77b40affe419-0xdac17f958d2ee523a2206206994597c13d831ec7-0xa0b86991c6218b36c1d19d4a2e9eb0ce3606eb48,0xb79b99b950f10c534e56a5d3219f2b9bdf9a92db83ffa90e92c455ed28ad76d2
2026-09-04 10:24:23,Jump Trading,0xf584f8728b874a6a5c7a8d4d387c9aae9172d621,transfer_out,USD1,0x8d0d000ee44948fc98c9b98a4fa4921476f08b0d,272017.00000000,271897.04,ETH,self,sent to 0xd6b3…9326,0.999559,287712.35,https://dexscreener.com/ethereum/0x185a1ff695d30a22c19f44c6b41e2d6d1c8c1f11,0xc1a9474f606b004dd44c9282f3ff057a32fdc916278ca85ab664678a1d2ccf1e
2026-09-04 10:55:11,Jump Trading,0xf584f8728b874a6a5c7a8d4d387c9aae9172d621,transfer_out,USDT,0xdac17f958d2ee523a2206206994597c13d831ec7,525238.81000000,525238.81,ETH,self,sent to 0xd6b3…9326,1.0,867.28,https://dexscreener.com/ethereum/0xef3a1cae64848f9eb25022de4dcb77b40affe419-0xdac17f958d2ee523a2206206994597c13d831ec7-0xa0b86991c6218b36c1d19d4a2e9eb0ce3606eb48,0xd9a953834e41f13ff2bb51a3fe7e8318780a8d5511ce16c299a1421c68a71202
2026-09-04 11:24:35,Jump Trading,0xf584f8728b874a6a5c7a8d4d387c9aae9172d621,transfer_in,LIT,0x232ce3bd40fcd6f80f3d55a522d03f25df784ee2,1646.60000000,7574.36,ETH,external,from 0xf89d…aa40,4.6,1042557.84,https://dexscreener.com/ethereum/0x8366b1dde4de12c8806985fbb599d408d92d01a6faf2e478cc6bb76189cc00f1,0x41faec4c9567721a067f3f258e175289865ee55e60e4f4d9b35c81405972245e
2026-09-04 11:25:11,Jump Trading,0xf584f8728b874a6a5c7a8d4d387c9aae9172d621,transfer_out,LIT,0x232ce3bd40fcd6f80f3d55a522d03f25df784ee2,10267.00000000,47228.20,ETH,self,sent to 0xbcd9…a4a9,4.6,1042557.84,https://dexscreener.com/ethereum/0x8366b1dde4de12c8806985fbb599d408d92d01a6faf2e478cc6bb76189cc00f1,0xd333c0e9139a774ffa439f48f48da683e912457e64edc8987dda00aafe8fbaca
2026-09-04 11:26:59,Jump Trading,0xf584f8728b874a6a5c7a8d4d387c9aae9172d621,transfer_out,USDT,0xdac17f958d2ee523a2206206994597c13d831ec7,112070.81000000,112070.81,ETH,self,sent to 0x30f2…8940,1.0,867.28,https://dexscreener.com/ethereum/0xef3a1cae64848f9eb25022de4dcb77b40affe419-0xdac17f958d2ee523a2206206994597c13d831ec7-0xa0b86991c6218b36c1d19d4a2e9eb0ce3606eb48,0xb4f5c44b18ac61b0c8fc5f1f0329c07ca34b67b88d856bfe280a7671ca334b01
2026-09-04 12:05:11,Jump Trading,0xf584f8728b874a6a5c7a8d4d387c9aae9172d621,transfer_in,LIT,0x232ce3bd40fcd6f80f3d55a522d03f25df784ee2,2098.60000000,9653.56,ETH,external,from 0xf89d…aa40,4.6,1042557.84,https://dexscreener.com/ethereum/0x8366b1dde4de12c8806985fbb599d408d92d01a6faf2e478cc6bb76189cc00f1,0x0a85b9f0ab294ff6ae3fae264f2bcbd1a09b10647d8a2b0400369e286c541599
2026-09-04 12:05:59,Jump Trading,0xf584f8728b874a6a5c7a8d4d387c9aae9172d621,transfer_out,USDT,0xdac17f958d2ee523a2206206994597c13d831ec7,1788348.70000000,1788348.70,ETH,self,sent to 0xc7d3…e668,1.0,867.28,https://dexscreener.com/ethereum/0xef3a1cae64848f9eb25022de4dcb77b40affe419-0xdac17f958d2ee523a2206206994597c13d831ec7-0xa0b86991c6218b36c1d19d4a2e9eb0ce3606eb48,0x9d19c3e0d5a541fbbbad00623271851364f82999ea7fd1a274516ead5455b626
2026-09-04 12:07:47,Jump Trading,0xf584f8728b874a6a5c7a8d4d387c9aae9172d621,transfer_out,USDT,0xdac17f958d2ee523a2206206994597c13d831ec7,336525.27000000,336525.27,ETH,self,sent to 0xd6b3…9326,1.0,867.28,https://dexscreener.com/ethereum/0xef3a1cae64848f9eb25022de4dcb77b40affe419-0xdac17f958d2ee523a2206206994597c13d831ec7-0xa0b86991c6218b36c1d19d4a2e9eb0ce3606eb48,0xc1a7a98c22ad8837c19018b1c1b21c2cdbd65da623e825d0620ad8c3368b327a
2026-09-04 12:23:47,Jump Trading,0xf584f8728b874a6a5c7a8d4d387c9aae9172d621,transfer_out,USDT,0xdac17f958d2ee523a2206206994597c13d831ec7,451619.88000000,451619.88,ETH,self,sent to 0xd6b3…9326,1.0,867.28,https://dexscreener.com/ethereum/0xef3a1cae64848f9eb25022de4dcb77b40affe419-0xdac17f958d2ee523a2206206994597c13d831ec7-0xa0b86991c6218b36c1d19d4a2e9eb0ce3606eb48,0x2e617d96d39fc930d0ce2ef0b4ad2dec5e762f711852bcfcc218c88e3d4a1bd9
2026-09-04 12:36:11,Jump Trading,0xf584f8728b874a6a5c7a8d4d387c9aae9172d621,transfer_in,LIT,0x232ce3bd40fcd6f80f3d55a522d03f25df784ee2,5257.60000000,24184.96,ETH,external,from 0xf89d…aa40,4.6,1042557.84,https://dexscreener.com/ethereum/0x8366b1dde4de12c8806985fbb599d408d92d01a6faf2e478cc6bb76189cc00f1,0xe0f1b458ea9c1f0daf66f6a3575ef962be973ea8a619bada841f8a84c36b8d1b
2026-09-04 12:38:23,Jump Trading,0xf584f8728b874a6a5c7a8d4d387c9aae9172d621,transfer_out,USDT,0xdac17f958d2ee523a2206206994597c13d831ec7,1664234.59000000,1664234.59,ETH,self,sent to 0xd6b3…9326,1.0,867.28,https://dexscreener.com/ethereum/0xef3a1cae64848f9eb25022de4dcb77b40affe419-0xdac17f958d2ee523a2206206994597c13d831ec7-0xa0b86991c6218b36c1d19d4a2e9eb0ce3606eb48,0x5581427aff199ba354bdff9bd39dec3156eab1883f2cfb4ca4a1b7ea9b7cfb63
2026-09-04 12:39:47,Jump Trading,0xf584f8728b874a6a5c7a8d4d387c9aae9172d621,transfer_out,USD1,0x8d0d000ee44948fc98c9b98a4fa4921476f08b0d,88062.00000000,88023.16,ETH,self,sent to 0xc7d3…e668,0.999559,287712.35,https://dexscreener.com/ethereum/0x185a1ff695d30a22c19f44c6b41e2d6d1c8c1f11,0x5d82f861a395259e351787692f3affd939572ad4a2995bc5fc195f989f56d317
2026-09-04 12:41:47,Jump Trading,0xf584f8728b874a6a5c7a8d4d387c9aae9172d621,transfer_out,USDT,0xdac17f958d2ee523a2206206994597c13d831ec7,1145771.28000000,1145771.28,ETH,self,sent to 0xc7d3…e668,1.0,867.28,https://dexscreener.com/ethereum/0xef3a1cae64848f9eb25022de4dcb77b40affe419-0xdac17f958d2ee523a2206206994597c13d831ec7-0xa0b86991c6218b36c1d19d4a2e9eb0ce3606eb48,0xa1142686ac8a03a4935b81e64b5a3f1d9b6091b782bc4855b8d027705b52265d
2026-09-04 12:53:47,Jump Trading,0xf584f8728b874a6a5c7a8d4d387c9aae9172d621,transfer_in,USDT,0xdac17f958d2ee523a2206206994597c13d831ec7,14382.01000000,14382.01,ETH,external,from 0x4634…9758,1.0,867.28,https://dexscreener.com/ethereum/0xef3a1cae64848f9eb25022de4dcb77b40affe419-0xdac17f958d2ee523a2206206994597c13d831ec7-0xa0b86991c6218b36c1d19d4a2e9eb0ce3606eb48,0x50767f258c55c10b06a2371732dd414122b05c669ba123db7b5f569872e49368
2026-09-04 12:53:47,Jump Trading,0xf584f8728b874a6a5c7a8d4d387c9aae9172d621,transfer_in,USDT,0xdac17f958d2ee523a2206206994597c13d831ec7,1331073.81000000,1331073.81,ETH,external,from 0x0d07…92fe,1.0,867.28,https://dexscreener.com/ethereum/0xef3a1cae64848f9eb25022de4dcb77b40affe419-0xdac17f958d2ee523a2206206994597c13d831ec7-0xa0b86991c6218b36c1d19d4a2e9eb0ce3606eb48,0x5abd9c2e143bd0e1060bf66e3de70272f08b7402c28ac2380a619be2cce25e7c
2026-09-04 12:54:35,Jump Trading,0xf584f8728b874a6a5c7a8d4d387c9aae9172d621,transfer_in,USDT,0xdac17f958d2ee523a2206206994597c13d831ec7,382592.89000000,382592.89,ETH,external,from 0x1ab4…8f23,1.0,867.28,https://dexscreener.com/ethereum/0xef3a1cae64848f9eb25022de4dcb77b40affe419-0xdac17f958d2ee523a2206206994597c13d831ec7-0xa0b86991c6218b36c1d19d4a2e9eb0ce3606eb48,0xbe976073f43e09961d8d407edf3db63d9f38ca19c5dd5be1ecbf4e3ecba20e0d
2026-09-04 13:04:47,Jump Trading,0xf584f8728b874a6a5c7a8d4d387c9aae9172d621,transfer_in,USDT,0xdac17f958d2ee523a2206206994597c13d831ec7,484971.32000000,484971.32,ETH,external,from 0x0d07…92fe,1.0,867.28,https://dexscreener.com/ethereum/0xef3a1cae64848f9eb25022de4dcb77b40affe419-0xdac17f958d2ee523a2206206994597c13d831ec7-0xa0b86991c6218b36c1d19d4a2e9eb0ce3606eb48,0x3e05dd2a9cae02298fd655d46b96dab00b7272b8b0fe9e04310b522f3f92e0ed
2026-09-04 13:04:59,Jump Trading,0xf584f8728b874a6a5c7a8d4d387c9aae9172d621,transfer_out,ATH,0xbe0ed4138121ecfc5c0e56b40517da27e6c5226b,1848791.00000000,8765.12,ETH,self,sent to 0x76ec…66ed,0.004741,311448.12,https://dexscreener.com/ethereum/0xd31d41dffa3589bb0c0183e46a1eed983a5e5978,0x0b30679068057b3e6c5bda83d77873a7c705f38b28af16db4a922d500d821c5c
2026-09-04 13:14:11,Jump Trading,0xf584f8728b874a6a5c7a8d4d387c9aae9172d621,transfer_in,USD1,0x8d0d000ee44948fc98c9b98a4fa4921476f08b0d,23122.00000000,23111.80,ETH,external,from 0xf89d…aa40,0.999559,287712.35,https://dexscreener.com/ethereum/0x185a1ff695d30a22c19f44c6b41e2d6d1c8c1f11,0x5686acd0dd503cf9e462cfa70d6f7cdb4ca52d2c8e253782f20bc9108e2189b9
2026-09-04 13:20:47,Jump Trading,0xf584f8728b874a6a5c7a8d4d387c9aae9172d621,transfer_in,UNI,0x1f9840a85d5af5bf1d1762f925bdaddc4201f984,866.88000000,6007.48,ETH,external,from 0x28c6…1d60,6.93,422881.68,https://dexscreener.com/ethereum/0xfaa318479b7755b2dbfdd34dc306cb28b420ad12,0xf24d71a0d34cc09076c94cdfad4d6680ec1f48da1516da1bef1b1ec24a55ee72
2026-09-04 13:21:23,Jump Trading,0xf584f8728b874a6a5c7a8d4d387c9aae9172d621,transfer_in,USDT,0xdac17f958d2ee523a2206206994597c13d831ec7,191834.40000000,191834.40,ETH,external,from 0x0d07…92fe,1.0,867.28,https://dexscreener.com/ethereum/0xef3a1cae64848f9eb25022de4dcb77b40affe419-0xdac17f958d2ee523a2206206994597c13d831ec7-0xa0b86991c6218b36c1d19d4a2e9eb0ce3606eb48,0x4c82bf25efbf165d0ed837baeca2a49398ce425556a896a08abd0d28af7a39d0
2026-09-04 13:21:23,Jump Trading,0xf584f8728b874a6a5c7a8d4d387c9aae9172d621,transfer_in,USDT,0xdac17f958d2ee523a2206206994597c13d831ec7,3024054.44000000,3024054.44,ETH,external,from 0x1ab4…8f23,1.0,867.28,https://dexscreener.com/ethereum/0xef3a1cae64848f9eb25022de4dcb77b40affe419-0xdac17f958d2ee523a2206206994597c13d831ec7-0xa0b86991c6218b36c1d19d4a2e9eb0ce3606eb48,0xda7ac360e786d993296c7d0d76ff1d55bb38f2685ba37f3b0645a85d7a828a44
2026-09-04 13:51:11,Jump Trading,0xf584f8728b874a6a5c7a8d4d387c9aae9172d621,transfer_in,USDT,0xdac17f958d2ee523a2206206994597c13d831ec7,324044.60000000,324044.60,ETH,external,from 0x0d07…92fe,1.0,867.28,https://dexscreener.com/ethereum/0xef3a1cae64848f9eb25022de4dcb77b40affe419-0xdac17f958d2ee523a2206206994597c13d831ec7-0xa0b86991c6218b36c1d19d4a2e9eb0ce3606eb48,0xb754215b0c96a4de5cfb661323ea908b32d48154c275bcfa6037a3e02a5add97
2026-09-04 13:51:35,Jump Trading,0xf584f8728b874a6a5c7a8d4d387c9aae9172d621,transfer_out,UNI,0x1f9840a85d5af5bf1d1762f925bdaddc4201f984,867.00000000,6008.31,ETH,self,sent to 0x4de6…c5a7,6.93,422881.68,https://dexscreener.com/ethereum/0xfaa318479b7755b2dbfdd34dc306cb28b420ad12,0x39302c3c66ce56853fa085908a8b52f6dc4f348fcfed3934bf79f23aeb403acd
2026-09-04 13:52:11,Jump Trading,0xf584f8728b874a6a5c7a8d4d387c9aae9172d621,transfer_in,USDT,0xdac17f958d2ee523a2206206994597c13d831ec7,82742.66000000,82742.66,ETH,external,from 0x4634…9758,1.0,867.28,https://dexscreener.com/ethereum/0xef3a1cae64848f9eb25022de4dcb77b40affe419-0xdac17f958d2ee523a2206206994597c13d831ec7-0xa0b86991c6218b36c1d19d4a2e9eb0ce3606eb48,0x7730b4e0f3802a1e29dd00bf4b230c17ea3ecd307a80ceabc3c31f3b4cbcfbe1
2026-09-04 13:52:11,Jump Trading,0xf584f8728b874a6a5c7a8d4d387c9aae9172d621,transfer_in,USDT,0xdac17f958d2ee523a2206206994597c13d831ec7,2073739.79000000,2073739.79,ETH,external,from 0x1ab4…8f23,1.0,867.28,https://dexscreener.com/ethereum/0xef3a1cae64848f9eb25022de4dcb77b40affe419-0xdac17f958d2ee523a2206206994597c13d831ec7-0xa0b86991c6218b36c1d19d4a2e9eb0ce3606eb48,0xe1ca6bcbc6ef5667c3d24be18a6eed0bf98161f675d405638d15b2d89bfdc7be
2026-09-04 14:22:11,Jump Trading,0xf584f8728b874a6a5c7a8d4d387c9aae9172d621,transfer_in,USDT,0xdac17f958d2ee523a2206206994597c13d831ec7,467616.85000000,467616.85,ETH,external,from 0x0d07…92fe,1.0,867.28,https://dexscreener.com/ethereum/0xef3a1cae64848f9eb25022de4dcb77b40affe419-0xdac17f958d2ee523a2206206994597c13d831ec7-0xa0b86991c6218b36c1d19d4a2e9eb0ce3606eb48,0xc08ca0f0277cd71335d06b2cfb6cec44b1a74ac53772a5414e6671fdea2a336a
2026-09-04 14:22:23,Jump Trading,0xf584f8728b874a6a5c7a8d4d387c9aae9172d621,transfer_out,USDT,0xdac17f958d2ee523a2206206994597c13d831ec7,1503065.00000000,1503065.00,ETH,self,sent to 0xed89…60e7,1.0,867.28,https://dexscreener.com/ethereum/0xef3a1cae64848f9eb25022de4dcb77b40affe419-0xdac17f958d2ee523a2206206994597c13d831ec7-0xa0b86991c6218b36c1d19d4a2e9eb0ce3606eb48,0xa39898cc06ba0decd26086100dc984101be097b7c42ab605f3b6f14b09bdb65f
2026-09-04 14:23:11,Jump Trading,0xf584f8728b874a6a5c7a8d4d387c9aae9172d621,transfer_in,USDT,0xdac17f958d2ee523a2206206994597c13d831ec7,894648.57000000,894648.57,ETH,external,from 0x1ab4…8f23,1.0,867.28,https://dexscreener.com/ethereum/0xef3a1cae64848f9eb25022de4dcb77b40affe419-0xdac17f958d2ee523a2206206994597c13d831ec7-0xa0b86991c6218b36c1d19d4a2e9eb0ce3606eb48,0x1ae2d42c4a4b4f4f8aa9b426c431a008e2446089d377b9efbf148c7943d6fee6
2026-09-04 14:24:11,Jump Trading,0xf584f8728b874a6a5c7a8d4d387c9aae9172d621,transfer_in,USDT,0xdac17f958d2ee523a2206206994597c13d831ec7,80548.97000000,80548.97,ETH,external,from 0x4634…9758,1.0,867.28,https://dexscreener.com/ethereum/0xef3a1cae64848f9eb25022de4dcb77b40affe419-0xdac17f958d2ee523a2206206994597c13d831ec7-0xa0b86991c6218b36c1d19d4a2e9eb0ce3606eb48,0xd470b8a1111a4038df5e26e8fb8f5178f0e0484ac77f4824ca074bee097eafcc
2026-09-04 14:38:23,Jump Trading,0xf584f8728b874a6a5c7a8d4d387c9aae9172d621,transfer_in,SUKI,0x018d771bcbeb97a34323bb0d0068cc0ee5bc44b6,100.00000000,0.00,ETH,Disperse,from 0x7e79…7aa1,1.013e-05,8038.19,https://dexscreener.com/ethereum/0x6b878ecb506e8359c92a514de63d33756052322c,0xb00413cc878c374a561dbc08e48655c387e7faac45c81bf1bb2cefb75188557e
2026-09-04 14:45:11,Jump Trading,0xf584f8728b874a6a5c7a8d4d387c9aae9172d621,transfer_in,USDT,0xdac17f958d2ee523a2206206994597c13d831ec7,282914.59000000,282914.59,ETH,external,from 0x1ab4…8f23,1.0,867.28,https://dexscreener.com/ethereum/0xef3a1cae64848f9eb25022de4dcb77b40affe419-0xdac17f958d2ee523a2206206994597c13d831ec7-0xa0b86991c6218b36c1d19d4a2e9eb0ce3606eb48,0xf8020593c751f3c181bda10f25c514e43faae93ce945e2c00c9b7885547ad7f2
2026-09-04 15:20:47,Jump Trading,0xf584f8728b874a6a5c7a8d4d387c9aae9172d621,transfer_in,USDT,0xdac17f958d2ee523a2206206994597c13d831ec7,126903.22000000,126903.22,ETH,external,from 0x0d07…92fe,1.0,867.28,https://dexscreener.com/ethereum/0xef3a1cae64848f9eb25022de4dcb77b40affe419-0xdac17f958d2ee523a2206206994597c13d831ec7-0xa0b86991c6218b36c1d19d4a2e9eb0ce3606eb48,0x2b646ec96d50def4033bbe698dfd228ff824dbce5c42cef1bdcae8445cb60ecc
2026-09-04 15:20:59,Jump Trading,0xf584f8728b874a6a5c7a8d4d387c9aae9172d621,transfer_in,USDT,0xdac17f958d2ee523a2206206994597c13d831ec7,10344.62000000,10344.62,ETH,external,from 0x4634…9758,1.0,867.28,https://dexscreener.com/ethereum/0xef3a1cae64848f9eb25022de4dcb77b40affe419-0xdac17f958d2ee523a2206206994597c13d831ec7-0xa0b86991c6218b36c1d19d4a2e9eb0ce3606eb48,0x6317fc1649a10f9ae20bd94afbc29092a7d29d330b7fc88cbbf660e2079bc41f
2026-09-04 15:21:23,Jump Trading,0xf584f8728b874a6a5c7a8d4d387c9aae9172d621,transfer_in,USDT,0xdac17f958d2ee523a2206206994597c13d831ec7,797667.82000000,797667.82,ETH,external,from 0x1ab4…8f23,1.0,867.28,https://dexscreener.com/ethereum/0xef3a1cae64848f9eb25022de4dcb77b40affe419-0xdac17f958d2ee523a2206206994597c13d831ec7-0xa0b86991c6218b36c1d19d4a2e9eb0ce3606eb48,0xbe64fffef345beca958d2babd93d6146f72bef84f6cc292daccadac6416ecb4d
2026-09-04 15:57:11,Jump Trading,0xf584f8728b874a6a5c7a8d4d387c9aae9172d621,transfer_in,USDT,0xdac17f958d2ee523a2206206994597c13d831ec7,517839.77000000,517839.77,ETH,external,from 0x1ab4…8f23,1.0,867.28,https://dexscreener.com/ethereum/0xef3a1cae64848f9eb25022de4dcb77b40affe419-0xdac17f958d2ee523a2206206994597c13d831ec7-0xa0b86991c6218b36c1d19d4a2e9eb0ce3606eb48,0x3dcf9ca03cbf66f6c780f45ed3cf85b34d41a4fb2a7b7aa352a42dc7ef83cf9c
2026-09-04 16:05:59,Jump Trading,0xf584f8728b874a6a5c7a8d4d387c9aae9172d621,transfer_in,USDT,0xdac17f958d2ee523a2206206994597c13d831ec7,76762.62000000,76762.62,ETH,external,from 0x4634…9758,1.0,867.28,https://dexscreener.com/ethereum/0xef3a1cae64848f9eb25022de4dcb77b40affe419-0xdac17f958d2ee523a2206206994597c13d831ec7-0xa0b86991c6218b36c1d19d4a2e9eb0ce3606eb48,0x60ad7ae8eeb208409ea5cc6acdbd0115e441f18aac843f8902c3de8ffba35c1f
2026-09-04 17:57:59,Jump Trading,0xf584f8728b874a6a5c7a8d4d387c9aae9172d621,transfer_out,USDT,0xdac17f958d2ee523a2206206994597c13d831ec7,37424.93000000,37424.93,ETH,self,sent to 0x30f2…8940,1.0,867.28,https://dexscreener.com/ethereum/0xef3a1cae64848f9eb25022de4dcb77b40affe419-0xdac17f958d2ee523a2206206994597c13d831ec7-0xa0b86991c6218b36c1d19d4a2e9eb0ce3606eb48,0xfbaacceca5d8842048e5cd8cb44f52260a0658644a8530cfff238f98a6a5e648
2026-09-04 17:58:35,Jump Trading,0xf584f8728b874a6a5c7a8d4d387c9aae9172d621,transfer_in,USDT,0xdac17f958d2ee523a2206206994597c13d831ec7,527712.90000000,527712.90,ETH,external,from 0x1ab4…8f23,1.0,867.28,https://dexscreener.com/ethereum/0xef3a1cae64848f9eb25022de4dcb77b40affe419-0xdac17f958d2ee523a2206206994597c13d831ec7-0xa0b86991c6218b36c1d19d4a2e9eb0ce3606eb48,0xae6cc74e406965f0278bef281f74d876004833eff472aa16172d2784e9a3312d
2026-09-04 18:08:47,Jump Trading,0xf584f8728b874a6a5c7a8d4d387c9aae9172d621,transfer_in,ATH,0xbe0ed4138121ecfc5c0e56b40517da27e6c5226b,1120374.00000000,5311.69,ETH,external,from 0x6516…022f,0.004741,311448.12,https://dexscreener.com/ethereum/0xd31d41dffa3589bb0c0183e46a1eed983a5e5978,0x56374d2309f1683e6bdb5a7aff89445d629b16ebfaa66f16764bdf2a896cbed7
2026-09-04 18:09:35,Jump Trading,0xf584f8728b874a6a5c7a8d4d387c9aae9172d621,transfer_out,USDT,0xdac17f958d2ee523a2206206994597c13d831ec7,20437.80000000,20437.80,ETH,self,sent to 0xed89…60e7,1.0,867.28,https://dexscreener.com/ethereum/0xef3a1cae64848f9eb25022de4dcb77b40affe419-0xdac17f958d2ee523a2206206994597c13d831ec7-0xa0b86991c6218b36c1d19d4a2e9eb0ce3606eb48,0x9cb433ecd72c0c4f2460515425f6728cb18b33c720f2b9b075818a7eb9a9caa3
2026-09-04 18:10:11,Jump Trading,0xf584f8728b874a6a5c7a8d4d387c9aae9172d621,transfer_in,USDT,0xdac17f958d2ee523a2206206994597c13d831ec7,330767.93000000,330767.93,ETH,external,from 0x1ab4…8f23,1.0,867.28,https://dexscreener.com/ethereum/0xef3a1cae64848f9eb25022de4dcb77b40affe419-0xdac17f958d2ee523a2206206994597c13d831ec7-0xa0b86991c6218b36c1d19d4a2e9eb0ce3606eb48,0x334ab6b04d121a0b71fc6715fb369122d72b9ba3bda38a3bf1cc6f90f03b54a4
2026-09-04 18:10:59,Jump Trading,0xf584f8728b874a6a5c7a8d4d387c9aae9172d621,transfer_out,ATH,0xbe0ed4138121ecfc5c0e56b40517da27e6c5226b,1122866.00000000,5323.51,ETH,self,sent to 0xbcd9…a4a9,0.004741,311448.12,https://dexscreener.com/ethereum/0xd31d41dffa3589bb0c0183e46a1eed983a5e5978,0x4172191731b0d485e7c91307466d9bf1ce09fbe6d395d3e869409d440e6ecd71
2026-09-04 18:23:11,Jump Trading,0xf584f8728b874a6a5c7a8d4d387c9aae9172d621,transfer_in,USDT,0xdac17f958d2ee523a2206206994597c13d831ec7,40264.54000000,40264.54,ETH,external,from 0x4634…9758,1.0,867.28,https://dexscreener.com/ethereum/0xef3a1cae64848f9eb25022de4dcb77b40affe419-0xdac17f958d2ee523a2206206994597c13d831ec7-0xa0b86991c6218b36c1d19d4a2e9eb0ce3606eb48,0x5cedf87388936ea5f600038b835a0c830b1a9ee9f7cb1109f3b532dfdc7b872f
2026-09-04 18:23:47,Jump Trading,0xf584f8728b874a6a5c7a8d4d387c9aae9172d621,transfer_in,USDT,0xdac17f958d2ee523a2206206994597c13d831ec7,61303.13000000,61303.13,ETH,external,from 0x1ab4…8f23,1.0,867.28,https://dexscreener.com/ethereum/0xef3a1cae64848f9eb25022de4dcb77b40affe419-0xdac17f958d2ee523a2206206994597c13d831ec7-0xa0b86991c6218b36c1d19d4a2e9eb0ce3606eb48,0x371cdd074ed2fb1dd76f804c11de5c9d5f949c58ffc57b69ecf79bb709192756
2026-09-04 18:34:59,Jump Trading,0xf584f8728b874a6a5c7a8d4d387c9aae9172d621,transfer_in,USDT,0xdac17f958d2ee523a2206206994597c13d831ec7,286690.33000000,286690.33,ETH,external,from 0x1ab4…8f23,1.0,867.28,https://dexscreener.com/ethereum/0xef3a1cae64848f9eb25022de4dcb77b40affe419-0xdac17f958d2ee523a2206206994597c13d831ec7-0xa0b86991c6218b36c1d19d4a2e9eb0ce3606eb48,0x6fcdd759df0dbe04e5e012ec66c76789a474066c9173fc4ce9f387c6c077b663
2026-09-04 19:26:11,Jump Trading,0xf584f8728b874a6a5c7a8d4d387c9aae9172d621,transfer_in,USDT,0xdac17f958d2ee523a2206206994597c13d831ec7,67892.43000000,67892.43,ETH,external,from 0x0d07…92fe,1.0,867.28,https://dexscreener.com/ethereum/0xef3a1cae64848f9eb25022de4dcb77b40affe419-0xdac17f958d2ee523a2206206994597c13d831ec7-0xa0b86991c6218b36c1d19d4a2e9eb0ce3606eb48,0x1c7df206aaaeac66150b82ab05c58d6cfefa4e346eaf56bc2ba9f70ee73b071e
2026-09-04 19:26:59,Jump Trading,0xf584f8728b874a6a5c7a8d4d387c9aae9172d621,transfer_in,USDT,0xdac17f958d2ee523a2206206994597c13d831ec7,343203.95000000,343203.95,ETH,external,from 0x1ab4…8f23,1.0,867.28,https://dexscreener.com/ethereum/0xef3a1cae64848f9eb25022de4dcb77b40affe419-0xdac17f958d2ee523a2206206994597c13d831ec7-0xa0b86991c6218b36c1d19d4a2e9eb0ce3606eb48,0xc3fb100101d31a67f65daf1fcfb2ae68583a6b3b3976f09b9d38f8fe7732fad3
2026-09-04 19:29:11,Jump Trading,0xf584f8728b874a6a5c7a8d4d387c9aae9172d621,transfer_out,USDT,0xdac17f958d2ee523a2206206994597c13d831ec7,2226226.87000000,2226226.87,ETH,self,sent to 0xed89…60e7,1.0,867.28,https://dexscreener.com/ethereum/0xef3a1cae64848f9eb25022de4dcb77b40affe419-0xdac17f958d2ee523a2206206994597c13d831ec7-0xa0b86991c6218b36c1d19d4a2e9eb0ce3606eb48,0xa8fbb85e1c82db2e9e8c52e8a5061212d5e374b2578e152924dd8a62dc86d8b9
2026-09-04 20:09:11,Jump Trading,0xf584f8728b874a6a5c7a8d4d387c9aae9172d621,transfer_out,USDT,0xdac17f958d2ee523a2206206994597c13d831ec7,18778.30000000,18778.30,ETH,self,sent to 0x30f2…8940,1.0,867.28,https://dexscreener.com/ethereum/0xef3a1cae64848f9eb25022de4dcb77b40affe419-0xdac17f958d2ee523a2206206994597c13d831ec7-0xa0b86991c6218b36c1d19d4a2e9eb0ce3606eb48,0x800bd0393ceac82d8e7ac6a4589afbfbc763f40cfa9a0d784e9f150a393b6b91
2026-09-04 20:20:11,Jump Trading,0xf584f8728b874a6a5c7a8d4d387c9aae9172d621,transfer_out,USDT,0xdac17f958d2ee523a2206206994597c13d831ec7,66653.99000000,66653.99,ETH,self,sent to 0x30f2…8940,1.0,867.28,https://dexscreener.com/ethereum/0xef3a1cae64848f9eb25022de4dcb77b40affe419-0xdac17f958d2ee523a2206206994597c13d831ec7-0xa0b86991c6218b36c1d19d4a2e9eb0ce3606eb48,0x0586a92c26798ff861144a6dc48049d9ed8ebbf173b5e76c81b440710eb3ea54
2026-09-04 22:16:59,Jump Trading,0xf584f8728b874a6a5c7a8d4d387c9aae9172d621,transfer_in,ATH,0xbe0ed4138121ecfc5c0e56b40517da27e6c5226b,1154439.00000000,5473.20,ETH,external,from 0x6516…022f,0.004741,311448.12,https://dexscreener.com/ethereum/0xd31d41dffa3589bb0c0183e46a1eed983a5e5978,0xbf3bb1248b7931532fb38373baba744af2c43f265a08446c7d9b8b1928cc9e68
2026-09-04 22:17:35,Jump Trading,0xf584f8728b874a6a5c7a8d4d387c9aae9172d621,transfer_out,USDC,0xa0b86991c6218b36c1d19d4a2e9eb0ce3606eb48,970065.00000000,970045.60,ETH,self,sent to 0x30f2…8940,0.99998,884010.98,https://dexscreener.com/ethereum/0x0fb0e40cec3bb23e13abc585958a93c796fbea56955e19a23727a716a0423239,0x637d81cd19563c5bff3055252ca0f49807ceea840b71842ccfa01382c69e5e5f
2026-09-04 22:17:47,Jump Trading,0xf584f8728b874a6a5c7a8d4d387c9aae9172d621,transfer_in,USDT,0xdac17f958d2ee523a2206206994597c13d831ec7,48831.16000000,48831.16,ETH,external,from 0x18e2…82f6,1.0,867.28,https://dexscreener.com/ethereum/0xef3a1cae64848f9eb25022de4dcb77b40affe419-0xdac17f958d2ee523a2206206994597c13d831ec7-0xa0b86991c6218b36c1d19d4a2e9eb0ce3606eb48,0xfc7e5b313e5a4fa1ae088d940cf332c6378bdeb35713010835a4778e02064b7b
2026-09-04 22:18:35,Jump Trading,0xf584f8728b874a6a5c7a8d4d387c9aae9172d621,transfer_in,USDT,0xdac17f958d2ee523a2206206994597c13d831ec7,50086.72000000,50086.72,ETH,external,from 0x4634…9758,1.0,867.28,https://dexscreener.com/ethereum/0xef3a1cae64848f9eb25022de4dcb77b40affe419-0xdac17f958d2ee523a2206206994597c13d831ec7-0xa0b86991c6218b36c1d19d4a2e9eb0ce3606eb48,0xa4e266c85369226e89992e0d1bc20fe84e872af859f02cadf2bb44b21b34cfb9
2026-09-04 22:19:11,Jump Trading,0xf584f8728b874a6a5c7a8d4d387c9aae9172d621,transfer_out,EIGEN,0xec53bf9167f50cdeb3ae105f56099aaab9061f83,56487.00000000,11822.73,ETH,self,sent to 0xed89…60e7,0.2093,158507.24,https://dexscreener.com/ethereum/0xc2c390c6cd3c4e6c2b70727d35a45e8a072f18ca,0x2fd452081bdc453f0a196d8f8c604b6f72eb179cdaf6526f87fcfd2d32411850
2026-09-04 22:53:59,Jump Trading,0xf584f8728b874a6a5c7a8d4d387c9aae9172d621,transfer_in,USDT,0xdac17f958d2ee523a2206206994597c13d831ec7,54541.02000000,54541.02,ETH,external,from 0x9696…6976,1.0,867.28,https://dexscreener.com/ethereum/0xef3a1cae64848f9eb25022de4dcb77b40affe419-0xdac17f958d2ee523a2206206994597c13d831ec7-0xa0b86991c6218b36c1d19d4a2e9eb0ce3606eb48,0x360bf4eda6be20a48b3cc90e352a27cc2f88e8a5f35fd1362ac4ccae26d2cecd
2026-09-04 22:54:11,Jump Trading,0xf584f8728b874a6a5c7a8d4d387c9aae9172d621,transfer_in,EIGEN,0xec53bf9167f50cdeb3ae105f56099aaab9061f83,88135.08000000,18446.67,ETH,external,from 0x0d07…92fe,0.2093,158507.24,https://dexscreener.com/ethereum/0xc2c390c6cd3c4e6c2b70727d35a45e8a072f18ca,0x2d95c9b469fdfec862cb91c40b9aa373e01405948d2875cce5f116d2e2c72013
2026-09-04 22:54:11,Jump Trading,0xf584f8728b874a6a5c7a8d4d387c9aae9172d621,transfer_in,USDT,0xdac17f958d2ee523a2206206994597c13d831ec7,391322.88000000,391322.88,ETH,external,from 0x0d07…92fe,1.0,867.28,https://dexscreener.com/ethereum/0xef3a1cae64848f9eb25022de4dcb77b40affe419-0xdac17f958d2ee523a2206206994597c13d831ec7-0xa0b86991c6218b36c1d19d4a2e9eb0ce3606eb48,0xb5dfddf35fdd12b3087c3633ca1d8f2ac820e39d49ed767f5585759823e298d1
2026-09-04 22:54:23,Jump Trading,0xf584f8728b874a6a5c7a8d4d387c9aae9172d621,transfer_in,BASED,0x4f2b33840227ddd0e28da8d4185d6fa07adfed87,98392.00000000,6615.88,ETH,external,from 0xf89d…aa40,0.06724,14464.01,https://dexscreener.com/ethereum/0xdc841a0df544dbfe04076401ebf55fcb24f542c8f007299b4baec55abf1c56d9,0x2299221f2bfe655653ef2b2c73d8fc148255ca87e400f8d13b2e0727b1d793db
2026-09-04 22:54:35,Jump Trading,0xf584f8728b874a6a5c7a8d4d387c9aae9172d621,transfer_in,USDC,0xa0b86991c6218b36c1d19d4a2e9eb0ce3606eb48,3309228.00000000,3309161.82,ETH,external,from 0x7830…6f43,0.99998,884010.98,https://dexscreener.com/ethereum/0x0fb0e40cec3bb23e13abc585958a93c796fbea56955e19a23727a716a0423239,0x3aa58cb68adf5a86afa3e03dd28823fe1c7ca95c0369c57135f557e4ad117e48
2026-09-04 22:54:47,Jump Trading,0xf584f8728b874a6a5c7a8d4d387c9aae9172d621,transfer_in,USDT,0xdac17f958d2ee523a2206206994597c13d831ec7,2713759.23000000,2713759.23,ETH,external,from 0x18e2…82f6,1.0,867.28,https://dexscreener.com/ethereum/0xef3a1cae64848f9eb25022de4dcb77b40affe419-0xdac17f958d2ee523a2206206994597c13d831ec7-0xa0b86991c6218b36c1d19d4a2e9eb0ce3606eb48,0xa82e5fc12816e38c4c4885b70c665cb390eaa08c740a3fd9e86e29b021436a8b
2026-09-04 22:55:11,Jump Trading,0xf584f8728b874a6a5c7a8d4d387c9aae9172d621,transfer_in,USDT,0xdac17f958d2ee523a2206206994597c13d831ec7,32618.13000000,32618.13,ETH,external,from 0x4634…9758,1.0,867.28,https://dexscreener.com/ethereum/0xef3a1cae64848f9eb25022de4dcb77b40affe419-0xdac17f958d2ee523a2206206994597c13d831ec7-0xa0b86991c6218b36c1d19d4a2e9eb0ce3606eb48,0x57ed224d5dbf6ba54504503e7a742c0a6330c00a2474db4c623d4890e1f1fab7
2026-09-04 22:55:11,Jump Trading,0xf584f8728b874a6a5c7a8d4d387c9aae9172d621,transfer_in,USDT,0xdac17f958d2ee523a2206206994597c13d831ec7,2072644.77000000,2072644.77,ETH,external,from 0x1ab4…8f23,1.0,867.28,https://dexscreener.com/ethereum/0xef3a1cae64848f9eb25022de4dcb77b40affe419-0xdac17f958d2ee523a2206206994597c13d831ec7-0xa0b86991c6218b36c1d19d4a2e9eb0ce3606eb48,0x8db2a9c15f1f899fabb9299228f50571074e4a1b656f1fb702a764cfcb58605e
2026-09-04 22:55:11,Jump Trading,0xf584f8728b874a6a5c7a8d4d387c9aae9172d621,transfer_in,USDC,0xa0b86991c6218b36c1d19d4a2e9eb0ce3606eb48,175379.00000000,175375.49,ETH,external,from 0x4634…9758,0.99998,884010.98,https://dexscreener.com/ethereum/0x0fb0e40cec3bb23e13abc585958a93c796fbea56955e19a23727a716a0423239,0xb1f6e3108feb13b59c1542a78099580768d149878832891394a4fa58bd0a1c91
2026-09-04 22:55:23,Jump Trading,0xf584f8728b874a6a5c7a8d4d387c9aae9172d621,transfer_in,USDT,0xdac17f958d2ee523a2206206994597c13d831ec7,1705716.52000000,1705716.52,ETH,external,from 0x3b98…5e4f,1.0,867.28,https://dexscreener.com/ethereum/0xef3a1cae64848f9eb25022de4dcb77b40affe419-0xdac17f958d2ee523a2206206994597c13d831ec7-0xa0b86991c6218b36c1d19d4a2e9eb0ce3606eb48,0x4560e56e57f2138e580159e6901985ca93bf5028e516c6b012b9287b3a3a4112
2026-09-04 23:49:47,Jump Trading,0xf584f8728b874a6a5c7a8d4d387c9aae9172d621,transfer_in,LIT,0x232ce3bd40fcd6f80f3d55a522d03f25df784ee2,1480.60000000,6810.76,ETH,external,from 0xf89d…aa40,4.6,1042557.84,https://dexscreener.com/ethereum/0x8366b1dde4de12c8806985fbb599d408d92d01a6faf2e478cc6bb76189cc00f1,0x5d99373ebc3c99b18b715aec334d18f737614089f085af5c4c22cf1f6e8d41fd
2026-09-04 23:49:47,Jump Trading,0xf584f8728b874a6a5c7a8d4d387c9aae9172d621,transfer_in,USDT,0xdac17f958d2ee523a2206206994597c13d831ec7,597143.95000000,597143.95,ETH,external,from 0x9696…6976,1.0,867.28,https://dexscreener.com/ethereum/0xef3a1cae64848f9eb25022de4dcb77b40affe419-0xdac17f958d2ee523a2206206994597c13d831ec7-0xa0b86991c6218b36c1d19d4a2e9eb0ce3606eb48,0x7c530601f9e72cea16f4ee0a240a649bab2283aaa3a47487aaee16167f5955e0
2026-09-04 23:49:47,Jump Trading,0xf584f8728b874a6a5c7a8d4d387c9aae9172d621,transfer_in,USDC,0xa0b86991c6218b36c1d19d4a2e9eb0ce3606eb48,161224.00000000,161220.78,ETH,external,from 0x4634…9758,0.99998,884010.98,https://dexscreener.com/ethereum/0x0fb0e40cec3bb23e13abc585958a93c796fbea56955e19a23727a716a0423239,0x9b09efdb44fdde4fbb809231d89047ae884a65c2727165a4d0cdf3ce7ae3c3c6
2026-09-04 23:50:11,Jump Trading,0xf584f8728b874a6a5c7a8d4d387c9aae9172d621,transfer_in,USDT,0xdac17f958d2ee523a2206206994597c13d831ec7,465285.87000000,465285.87,ETH,external,from 0x0d07…92fe,1.0,867.28,https://dexscreener.com/ethereum/0xef3a1cae64848f9eb25022de4dcb77b40affe419-0xdac17f958d2ee523a2206206994597c13d831ec7-0xa0b86991c6218b36c1d19d4a2e9eb0ce3606eb48,0x65a122514b36bfc8566ea11120737610fe70ac07e7892c33a76f72c3a89b3342
2026-09-04 23:50:11,Jump Trading,0xf584f8728b874a6a5c7a8d4d387c9aae9172d621,transfer_in,USDC,0xa0b86991c6218b36c1d19d4a2e9eb0ce3606eb48,715731.00000000,715716.69,ETH,external,from 0x7830…6f43,0.99998,884010.98,https://dexscreener.com/ethereum/0x0fb0e40cec3bb23e13abc585958a93c796fbea56955e19a23727a716a0423239,0xc69643d250a1565ea22964ae0fbd77bfdb92b617453a849a78341acaf7051a73
2026-09-04 23:50:23,Jump Trading,0xf584f8728b874a6a5c7a8d4d387c9aae9172d621,transfer_in,USDT,0xdac17f958d2ee523a2206206994597c13d831ec7,51013.49000000,51013.49,ETH,external,from 0x4634…9758,1.0,867.28,https://dexscreener.com/ethereum/0xef3a1cae64848f9eb25022de4dcb77b40affe419-0xdac17f958d2ee523a2206206994597c13d831ec7-0xa0b86991c6218b36c1d19d4a2e9eb0ce3606eb48,0x590a94d47a7b9072dd0ad465be79a1eb29e8a03e1e07c46af3a49eb42fd43332
2026-09-04 23:50:35,Jump Trading,0xf584f8728b874a6a5c7a8d4d387c9aae9172d621,transfer_in,USDT,0xdac17f958d2ee523a2206206994597c13d831ec7,237434.62000000,237434.62,ETH,external,from 0x18e2…82f6,1.0,867.28,https://dexscreener.com/ethereum/0xef3a1cae64848f9eb25022de4dcb77b40affe419-0xdac17f958d2ee523a2206206994597c13d831ec7-0xa0b86991c6218b36c1d19d4a2e9eb0ce3606eb48,0xa7a5a5beac6670451643770b3442b229a5f24f2bc21d190e84d7fd44da15006d
2026-09-04 23:53:11,Jump Trading,0xf584f8728b874a6a5c7a8d4d387c9aae9172d621,transfer_in,USDT,0xdac17f958d2ee523a2206206994597c13d831ec7,35842.54000000,35842.54,ETH,external,from 0x3b98…5e4f,1.0,867.28,https://dexscreener.com/ethereum/0xef3a1cae64848f9eb25022de4dcb77b40affe419-0xdac17f958d2ee523a2206206994597c13d831ec7-0xa0b86991c6218b36c1d19d4a2e9eb0ce3606eb48,0x1717fd8f02bad794a24888077cbea4f131f4faf8e7a163d04ffecb78f2d47693
2026-09-05 00:12:47,Jump Trading,0xf584f8728b874a6a5c7a8d4d387c9aae9172d621,transfer_in,USDT,0xdac17f958d2ee523a2206206994597c13d831ec7,46762.25000000,46762.25,ETH,external,from 0xdfd5…963d,1.0,867.28,https://dexscreener.com/ethereum/0xef3a1cae64848f9eb25022de4dcb77b40affe419-0xdac17f958d2ee523a2206206994597c13d831ec7-0xa0b86991c6218b36c1d19d4a2e9eb0ce3606eb48,0x47275eae4433c4d1f50e12c84204c1dd95fe26508a3421ad8861d9c3e94bfb23
2026-09-05 00:13:11,Jump Trading,0xf584f8728b874a6a5c7a8d4d387c9aae9172d621,transfer_in,USDT,0xdac17f958d2ee523a2206206994597c13d831ec7,26107.58000000,26107.58,ETH,external,from 0x0d07…92fe,1.0,867.28,https://dexscreener.com/ethereum/0xef3a1cae64848f9eb25022de4dcb77b40affe419-0xdac17f958d2ee523a2206206994597c13d831ec7-0xa0b86991c6218b36c1d19d4a2e9eb0ce3606eb48,0xca3bd433f5672c71322b9b12cb31f5a04bde043c8f11523091b17bb3a98efe8f
2026-09-05 00:13:23,Jump Trading,0xf584f8728b874a6a5c7a8d4d387c9aae9172d621,transfer_in,USDT,0xdac17f958d2ee523a2206206994597c13d831ec7,437377.29000000,437377.29,ETH,external,from 0x18e2…82f6,1.0,867.28,https://dexscreener.com/ethereum/0xef3a1cae64848f9eb25022de4dcb77b40affe419-0xdac17f958d2ee523a2206206994597c13d831ec7-0xa0b86991c6218b36c1d19d4a2e9eb0ce3606eb48,0xac3101d8b79fea5cdf3b8ff8e59bfa7e28a022b3e4f9d50cc6132fbd158275b4
2026-09-05 00:13:35,Jump Trading,0xf584f8728b874a6a5c7a8d4d387c9aae9172d621,transfer_in,USDC,0xa0b86991c6218b36c1d19d4a2e9eb0ce3606eb48,83497.00000000,83495.33,ETH,external,from 0x7830…6f43,0.99998,884010.98,https://dexscreener.com/ethereum/0x0fb0e40cec3bb23e13abc585958a93c796fbea56955e19a23727a716a0423239,0xa63e5c6a8181c61343c248f7db2f17f1b3844b743cc76eb952de4f237c198888
2026-09-05 00:14:23,Jump Trading,0xf584f8728b874a6a5c7a8d4d387c9aae9172d621,transfer_in,USDT,0xdac17f958d2ee523a2206206994597c13d831ec7,326309.15000000,326309.15,ETH,external,from 0x1ab4…8f23,1.0,867.28,https://dexscreener.com/ethereum/0xef3a1cae64848f9eb25022de4dcb77b40affe419-0xdac17f958d2ee523a2206206994597c13d831ec7-0xa0b86991c6218b36c1d19d4a2e9eb0ce3606eb48,0x6e32b3c16b39003c1c9d2d7d06faa6f79f43fdd55f422a716832b58150fadd05
2026-09-05 00:17:47,Jump Trading,0xf584f8728b874a6a5c7a8d4d387c9aae9172d621,transfer_in,LINK,0x514910771af9ca656af840dff83e8264ecf986ca,1000.00000000,12180.00,ETH,external,from 0x28c6…1d60,12.18,422791.59,https://dexscreener.com/ethereum/0x5d4f3c6fa16908609bac31ff148bd002aa6b8c83,0x49f5e6f87115d61bb24560079ffc4f4346fae6bbad7638a89dc116f85d4627a0
2026-09-05 00:20:11,Jump Trading,0xf584f8728b874a6a5c7a8d4d387c9aae9172d621,transfer_in,USDT,0xdac17f958d2ee523a2206206994597c13d831ec7,37586.25000000,37586.25,ETH,external,from 0x0d07…92fe,1.0,867.28,https://dexscreener.com/ethereum/0xef3a1cae64848f9eb25022de4dcb77b40affe419-0xdac17f958d2ee523a2206206994597c13d831ec7-0xa0b86991c6218b36c1d19d4a2e9eb0ce3606eb48,0x3d36bc1e8775f076aeedbae39d2ffa2f3a1c75b07201020af63003ee8c0fa3b8
2026-09-05 00:20:59,Jump Trading,0xf584f8728b874a6a5c7a8d4d387c9aae9172d621,transfer_in,USDT,0xdac17f958d2ee523a2206206994597c13d831ec7,15642.43000000,15642.43,ETH,external,from 0x4634…9758,1.0,867.28,https://dexscreener.com/ethereum/0xef3a1cae64848f9eb25022de4dcb77b40affe419-0xdac17f958d2ee523a2206206994597c13d831ec7-0xa0b86991c6218b36c1d19d4a2e9eb0ce3606eb48,0xf044ae2e3a9ddd61454f76c441b0607e56cabff307ea80d5b77f77b603b703c4
2026-09-05 00:21:11,Jump Trading,0xf584f8728b874a6a5c7a8d4d387c9aae9172d621,transfer_in,USDT,0xdac17f958d2ee523a2206206994597c13d831ec7,79689.73000000,79689.73,ETH,external,from 0x1ab4…8f23,1.0,867.28,https://dexscreener.com/ethereum/0xef3a1cae64848f9eb25022de4dcb77b40affe419-0xdac17f958d2ee523a2206206994597c13d831ec7-0xa0b86991c6218b36c1d19d4a2e9eb0ce3606eb48,0xf48e3cc329854dd8b42d2ac42e29592ce8029dddced5709c994d6423bf129ea4
2026-09-05 00:21:47,Jump Trading,0xf584f8728b874a6a5c7a8d4d387c9aae9172d621,transfer_out,LINK,0x514910771af9ca656af840dff83e8264ecf986ca,1000.00000000,12180.00,ETH,self,sent to 0xa793…c10e,12.18,422791.59,https://dexscreener.com/ethereum/0x5d4f3c6fa16908609bac31ff148bd002aa6b8c83,0x0acfafa74a44a11cf3c7f9fd116c9a9548b8d5577a06d53d959ddbe2436adb73
2026-09-05 00:58:11,Jump Trading,0xf584f8728b874a6a5c7a8d4d387c9aae9172d621,transfer_in,USDC,0xa0b86991c6218b36c1d19d4a2e9eb0ce3606eb48,132387.00000000,132384.35,ETH,external,from 0x7830…6f43,0.99998,884010.98,https://dexscreener.com/ethereum/0x0fb0e40cec3bb23e13abc585958a93c796fbea56955e19a23727a716a0423239,0x14afb4caa8df59c241e418f87da19788ab89913eb6834d075ddfaceda089eaff
2026-09-05 00:58:11,Jump Trading,0xf584f8728b874a6a5c7a8d4d387c9aae9172d621,transfer_in,USDT,0xdac17f958d2ee523a2206206994597c13d831ec7,58730.95000000,58730.95,ETH,external,from 0x0d07…92fe,1.0,867.28,https://dexscreener.com/ethereum/0xef3a1cae64848f9eb25022de4dcb77b40affe419-0xdac17f958d2ee523a2206206994597c13d831ec7-0xa0b86991c6218b36c1d19d4a2e9eb0ce3606eb48,0xc28344e9fc92031d6685bf8cb7d0b7f1aa2003db607f7c57719f4c3cfcac8454
2026-09-05 00:58:23,Jump Trading,0xf584f8728b874a6a5c7a8d4d387c9aae9172d621,transfer_out,LIT,0x232ce3bd40fcd6f80f3d55a522d03f25df784ee2,20327.00000000,93504.20,ETH,self,sent to 0x76ec…66ed,4.6,1042557.84,https://dexscreener.com/ethereum/0x8366b1dde4de12c8806985fbb599d408d92d01a6faf2e478cc6bb76189cc00f1,0x46b2094f2f13493d618c16e9a26f3c2bfad3bf6d175ea80cc7cd8bfbc9202996
2026-09-05 00:58:47,Jump Trading,0xf584f8728b874a6a5c7a8d4d387c9aae9172d621,transfer_in,USDT,0xdac17f958d2ee523a2206206994597c13d831ec7,24978.28000000,24978.28,ETH,external,from 0x4634…9758,1.0,867.28,https://dexscreener.com/ethereum/0xef3a1cae64848f9eb25022de4dcb77b40affe419-0xdac17f958d2ee523a2206206994597c13d831ec7-0xa0b86991c6218b36c1d19d4a2e9eb0ce3606eb48,0x3ce3dfbcf0185ed86b25e66fb6ba4bdfd994eb4512840221315148f7e55a43c5
2026-09-05 00:58:59,Jump Trading,0xf584f8728b874a6a5c7a8d4d387c9aae9172d621,transfer_in,USDT,0xdac17f958d2ee523a2206206994597c13d831ec7,418745.62000000,418745.62,ETH,external,from 0x3b98…5e4f,1.0,867.28,https://dexscreener.com/ethereum/0xef3a1cae64848f9eb25022de4dcb77b40affe419-0xdac17f958d2ee523a2206206994597c13d831ec7-0xa0b86991c6218b36c1d19d4a2e9eb0ce3606eb48,0x998076612488759a87c598d6698378a742c54520849490e84255f624bbc346eb
2026-09-05 00:59:35,Jump Trading,0xf584f8728b874a6a5c7a8d4d387c9aae9172d621,transfer_in,USDC,0xa0b86991c6218b36c1d19d4a2e9eb0ce3606eb48,11457.97000000,11457.74,ETH,external,from 0x0d07…92fe,0.99998,884010.98,https://dexscreener.com/ethereum/0x0fb0e40cec3bb23e13abc585958a93c796fbea56955e19a23727a716a0423239,0x0b9c5e20e88a7a950521c3f7e2047e8cd13d99e3edc5ff6f9cb63d495867f3a9
2026-09-05 00:59:35,Jump Trading,0xf584f8728b874a6a5c7a8d4d387c9aae9172d621,transfer_in,USDT,0xdac17f958d2ee523a2206206994597c13d831ec7,435403.67000000,435403.67,ETH,external,from 0x1ab4…8f23,1.0,867.28,https://dexscreener.com/ethereum/0xef3a1cae64848f9eb25022de4dcb77b40affe419-0xdac17f958d2ee523a2206206994597c13d831ec7-0xa0b86991c6218b36c1d19d4a2e9eb0ce3606eb48,0xd38dbb607be805360763364d4ddb0cab51c42df0300ac37cd2ad900032e5388f
2026-09-05 00:59:59,Jump Trading,0xf584f8728b874a6a5c7a8d4d387c9aae9172d621,transfer_in,LIT,0x232ce3bd40fcd6f80f3d55a522d03f25df784ee2,1144.95500000,5266.79,ETH,external,from 0x4a4a…068d,4.6,1042557.84,https://dexscreener.com/ethereum/0x8366b1dde4de12c8806985fbb599d408d92d01a6faf2e478cc6bb76189cc00f1,0x1cb17ae0c649354bf26fdb029b2b8dfdc55bf2305b9b925cc10169865c017209
2026-09-05 02:28:59,Jump Trading,0xf584f8728b874a6a5c7a8d4d387c9aae9172d621,transfer_in,USDC,0xa0b86991c6218b36c1d19d4a2e9eb0ce3606eb48,100044.00000000,100042.00,ETH,external,from 0x7830…6f43,0.99998,884010.98,https://dexscreener.com/ethereum/0x0fb0e40cec3bb23e13abc585958a93c796fbea56955e19a23727a716a0423239,0x2c5d4c4b718a8bbeea3bfb7633916a7e4231de059493a16a39e2369a1b4fd2ea
2026-09-05 02:29:47,Jump Trading,0xf584f8728b874a6a5c7a8d4d387c9aae9172d621,transfer_in,USDT,0xdac17f958d2ee523a2206206994597c13d831ec7,462552.05000000,462552.05,ETH,external,from 0x1ab4…8f23,1.0,867.28,https://dexscreener.com/ethereum/0xef3a1cae64848f9eb25022de4dcb77b40affe419-0xdac17f958d2ee523a2206206994597c13d831ec7-0xa0b86991c6218b36c1d19d4a2e9eb0ce3606eb48,0xd5eb1785e5302c420f0a170720d2f7d801b89111b5f5e5ed184e9df17c5db2b3
2026-09-05 02:31:11,Jump Trading,0xf584f8728b874a6a5c7a8d4d387c9aae9172d621,transfer_in,LIT,0x232ce3bd40fcd6f80f3d55a522d03f25df784ee2,14559.95600000,66975.80,ETH,external,from 0x4a4a…068d,4.6,1042557.84,https://dexscreener.com/ethereum/0x8366b1dde4de12c8806985fbb599d408d92d01a6faf2e478cc6bb76189cc00f1,0xccfa00d06cfadbdaf0995a4c0e5cf089ab7d7ed34d2360e5ac5d9de1827ebcbd
2026-09-05 02:33:47,Jump Trading,0xf584f8728b874a6a5c7a8d4d387c9aae9172d621,transfer_out,LIT,0x232ce3bd40fcd6f80f3d55a522d03f25df784ee2,9442.00000000,43433.20,ETH,self,sent to 0x76ec…66ed,4.6,1042557.84,https://dexscreener.com/ethereum/0x8366b1dde4de12c8806985fbb599d408d92d01a6faf2e478cc6bb76189cc00f1,0xeda377d93a6fec3f92e0c6f163209e9c6b75136d54c19f96f09bf28a41ec4ba6
2026-09-05 02:36:47,Jump Trading,0xf584f8728b874a6a5c7a8d4d387c9aae9172d621,transfer_out,BASED,0x4f2b33840227ddd0e28da8d4185d6fa07adfed87,81037.00000000,5448.93,ETH,self,sent to 0xbcd9…a4a9,0.06724,14464.01,https://dexscreener.com/ethereum/0xdc841a0df544dbfe04076401ebf55fcb24f542c8f007299b4baec55abf1c56d9,0xf7533f6dbc79a7a5bdc90f3c836ea71d6247a1950db6bc178835869e5ddbcba6
2026-09-05 04:21:11,Jump Trading,0xf584f8728b874a6a5c7a8d4d387c9aae9172d621,transfer_in,USDC,0xa0b86991c6218b36c1d19d4a2e9eb0ce3606eb48,119632.00000000,119629.61,ETH,external,from 0x7830…6f43,0.99998,884010.98,https://dexscreener.com/ethereum/0x0fb0e40cec3bb23e13abc585958a93c796fbea56955e19a23727a716a0423239,0x2b92af9b00c3e48ab9a484338c76747d4d952c09666efd872b122239e10255cf
2026-09-05 04:21:47,Jump Trading,0xf584f8728b874a6a5c7a8d4d387c9aae9172d621,transfer_in,USDT,0xdac17f958d2ee523a2206206994597c13d831ec7,820940.79000000,820940.79,ETH,external,from 0x1ab4…8f23,1.0,867.28,https://dexscreener.com/ethereum/0xef3a1cae64848f9eb25022de4dcb77b40affe419-0xdac17f958d2ee523a2206206994597c13d831ec7-0xa0b86991c6218b36c1d19d4a2e9eb0ce3606eb48,0xfcd106d443cb01a67b7981275666a15389e76f37d51a710f9fb1824345d8195b
2026-09-05 04:22:11,Jump Trading,0xf584f8728b874a6a5c7a8d4d387c9aae9172d621,transfer_in,LIT,0x232ce3bd40fcd6f80f3d55a522d03f25df784ee2,16967.91700000,78052.42,ETH,external,from 0x4a4a…068d,4.6,1042557.84,https://dexscreener.com/ethereum/0x8366b1dde4de12c8806985fbb599d408d92d01a6faf2e478cc6bb76189cc00f1,0x4f39a72f29c35f51b0a649d6c07f5cd7986b14acfae0109a580983bbdff662e0
2026-09-05 04:22:47,Jump Trading,0xf584f8728b874a6a5c7a8d4d387c9aae9172d621,transfer_out,ATH,0xbe0ed4138121ecfc5c0e56b40517da27e6c5226b,1657867.00000000,7859.95,ETH,self,sent to 0x76ec…66ed,0.004741,311448.12,https://dexscreener.com/ethereum/0xd31d41dffa3589bb0c0183e46a1eed983a5e5978,0xff30290db6a35475c295de7660938702f0f6e01dcebcccc9ad746bdb58f47b74
2026-09-05 04:24:35,Jump Trading,0xf584f8728b874a6a5c7a8d4d387c9aae9172d621,transfer_out,USDT,0xdac17f958d2ee523a2206206994597c13d831ec7,155401.54000000,155401.54,ETH,self,sent to 0x30f2…8940,1.0,867.28,https://dexscreener.com/ethereum/0xef3a1cae64848f9eb25022de4dcb77b40affe419-0xdac17f958d2ee523a2206206994597c13d831ec7-0xa0b86991c6218b36c1d19d4a2e9eb0ce3606eb48,0x89260d237e962b4869f23b8289499117fe683113b76879c2570275a674f25174
2026-09-05 04:26:11,Jump Trading,0xf584f8728b874a6a5c7a8d4d387c9aae9172d621,transfer_out,LIT,0x232ce3bd40fcd6f80f3d55a522d03f25df784ee2,10431.00000000,47982.60,ETH,self,sent to 0x76ec…66ed,4.6,1042557.84,https://dexscreener.com/ethereum/0x8366b1dde4de12c8806985fbb599d408d92d01a6faf2e478cc6bb76189cc00f1,0xbc1d355d7887d34f04188021fa2851bcaa398241cf16418d1440def90a2def51
2026-09-05 04:27:35,Jump Trading,0xf584f8728b874a6a5c7a8d4d387c9aae9172d621,transfer_out,ATH,0xbe0ed4138121ecfc5c0e56b40517da27e6c5226b,1694878.00000000,8035.42,ETH,self,sent to 0xd6b3…9326,0.004741,311448.12,https://dexscreener.com/ethereum/0xd31d41dffa3589bb0c0183e46a1eed983a5e5978,0x268b261a03de064a24dc6eeb6d006ba5bb3c744b9303c495b2e5a50f6f6ae452
2026-09-05 04:29:11,Jump Trading,0xf584f8728b874a6a5c7a8d4d387c9aae9172d621,transfer_out,USDT,0xdac17f958d2ee523a2206206994597c13d831ec7,204786.20000000,204786.20,ETH,self,sent to 0xd6b3…9326,1.0,867.28,https://dexscreener.com/ethereum/0xef3a1cae64848f9eb25022de4dcb77b40affe419-0xdac17f958d2ee523a2206206994597c13d831ec7-0xa0b86991c6218b36c1d19d4a2e9eb0ce3606eb48,0x3d4490b6cd56797e965b7b52b62eb71fc25c81d0f61f9f7c809b6e580eccdd30
2026-09-05 04:35:11,Jump Trading,0xf584f8728b874a6a5c7a8d4d387c9aae9172d621,transfer_in,USDT,0xdac17f958d2ee523a2206206994597c13d831ec7,37386.62000000,37386.62,ETH,external,from 0x4634…9758,1.0,867.28,https://dexscreener.com/ethereum/0xef3a1cae64848f9eb25022de4dcb77b40affe419-0xdac17f958d2ee523a2206206994597c13d831ec7-0xa0b86991c6218b36c1d19d4a2e9eb0ce3606eb48,0x3e62b4b865b9fdf2463db28cd3f0a0f5cca8e71828102fae218c3b1fce006987
2026-09-05 04:36:23,Jump Trading,0xf584f8728b874a6a5c7a8d4d387c9aae9172d621,transfer_out,USDT,0xdac17f958d2ee523a2206206994597c13d831ec7,45766.41000000,45766.41,ETH,self,sent to 0xd6b3…9326,1.0,867.28,https://dexscreener.com/ethereum/0xef3a1cae64848f9eb25022de4dcb77b40affe419-0xdac17f958d2ee523a2206206994597c13d831ec7-0xa0b86991c6218b36c1d19d4a2e9eb0ce3606eb48,0x498c97ce320a0c697c26aa073f6431978ca288d73a144b9f616f01e43feb00eb
2026-09-05 05:16:11,Jump Trading,0xf584f8728b874a6a5c7a8d4d387c9aae9172d621,transfer_in,USDT,0xdac17f958d2ee523a2206206994597c13d831ec7,40164.39000000,40164.39,ETH,external,from 0x4634…9758,1.0,867.28,https://dexscreener.com/ethereum/0xef3a1cae64848f9eb25022de4dcb77b40affe419-0xdac17f958d2ee523a2206206994597c13d831ec7-0xa0b86991c6218b36c1d19d4a2e9eb0ce3606eb48,0xddb05895d6ac8d689ee6605e1bcee40b5dc0f1c62e70dd05f5dac6525cac0246
2026-09-05 05:16:35,Jump Trading,0xf584f8728b874a6a5c7a8d4d387c9aae9172d621,transfer_in,USDT,0xdac17f958d2ee523a2206206994597c13d831ec7,809999.95000000,809999.95,ETH,external,from 0x1ab4…8f23,1.0,867.28,https://dexscreener.com/ethereum/0xef3a1cae64848f9eb25022de4dcb77b40affe419-0xdac17f958d2ee523a2206206994597c13d831ec7-0xa0b86991c6218b36c1d19d4a2e9eb0ce3606eb48,0xfcf52433f532c1104da1f60c35a183bc1af84f51d8ed93da2bb2cf607e986fb7
2026-09-05 05:53:11,Jump Trading,0xf584f8728b874a6a5c7a8d4d387c9aae9172d621,transfer_in,BASED,0x4f2b33840227ddd0e28da8d4185d6fa07adfed87,87032.00000000,5852.03,ETH,external,from 0xf89d…aa40,0.06724,14464.01,https://dexscreener.com/ethereum/0xdc841a0df544dbfe04076401ebf55fcb24f542c8f007299b4baec55abf1c56d9,0x02f80e3b3d72a24c29263fab246130df72ecf21b63fd8a65b2049dc4cc8897f4
2026-09-05 05:54:59,Jump Trading,0xf584f8728b874a6a5c7a8d4d387c9aae9172d621,transfer_in,USDT,0xdac17f958d2ee523a2206206994597c13d831ec7,355945.16000000,355945.16,ETH,external,from 0x1ab4…8f23,1.0,867.28,https://dexscreener.com/ethereum/0xef3a1cae64848f9eb25022de4dcb77b40affe419-0xdac17f958d2ee523a2206206994597c13d831ec7-0xa0b86991c6218b36c1d19d4a2e9eb0ce3606eb48,0x572440f751d6cdfb5da3bd33257f499a7fe5cf839edae90230a954a9d1b80cf7
2026-09-05 05:55:47,Jump Trading,0xf584f8728b874a6a5c7a8d4d387c9aae9172d621,transfer_out,USDT,0xdac17f958d2ee523a2206206994597c13d831ec7,225074.17000000,225074.17,ETH,self,sent to 0xd6b3…9326,1.0,867.28,https://dexscreener.com/ethereum/0xef3a1cae64848f9eb25022de4dcb77b40affe419-0xdac17f958d2ee523a2206206994597c13d831ec7-0xa0b86991c6218b36c1d19d4a2e9eb0ce3606eb48,0x0739a7620ea93dfcfa7d5024fa86c0f2fd76ac416b23b5cb3c0597c01a641634
2026-09-05 05:55:59,Jump Trading,0xf584f8728b874a6a5c7a8d4d387c9aae9172d621,transfer_in,LIT,0x232ce3bd40fcd6f80f3d55a522d03f25df784ee2,4333.97500000,19936.28,ETH,external,from 0x4a4a…068d,4.6,1042557.84,https://dexscreener.com/ethereum/0x8366b1dde4de12c8806985fbb599d408d92d01a6faf2e478cc6bb76189cc00f1,0x838f1638739188e4d0de882db470d1d5eacce704c98e8f1eba4330f072faaa22
2026-09-05 06:13:59,Jump Trading,0xf584f8728b874a6a5c7a8d4d387c9aae9172d621,transfer_in,USDT,0xdac17f958d2ee523a2206206994597c13d831ec7,13123.64000000,13123.64,ETH,external,from 0x4634…9758,1.0,867.28,https://dexscreener.com/ethereum/0xef3a1cae64848f9eb25022de4dcb77b40affe419-0xdac17f958d2ee523a2206206994597c13d831ec7-0xa0b86991c6218b36c1d19d4a2e9eb0ce3606eb48,0x8b87d239af6ca7c42314c34357458462daaab3ebb4ab41a9f52120101df3ed48
2026-09-05 06:15:35,Jump Trading,0xf584f8728b874a6a5c7a8d4d387c9aae9172d621,transfer_out,USDT,0xdac17f958d2ee523a2206206994597c13d831ec7,553396.12000000,553396.12,ETH,self,sent to 0xd6b3…9326,1.0,867.28,https://dexscreener.com/ethereum/0xef3a1cae64848f9eb25022de4dcb77b40affe419-0xdac17f958d2ee523a2206206994597c13d831ec7-0xa0b86991c6218b36c1d19d4a2e9eb0ce3606eb48,0x8f2a414af674c448c0f68632af4e9263fc1ad3f02d337b6c4a1f15af3173e834
2026-09-05 07:09:47,Jump Trading,0xf584f8728b874a6a5c7a8d4d387c9aae9172d621,transfer_in,USDT,0xdac17f958d2ee523a2206206994597c13d831ec7,388656.11000000,388656.11,ETH,external,from 0x1ab4…8f23,1.0,867.28,https://dexscreener.com/ethereum/0xef3a1cae64848f9eb25022de4dcb77b40affe419-0xdac17f958d2ee523a2206206994597c13d831ec7-0xa0b86991c6218b36c1d19d4a2e9eb0ce3606eb48,0x95e2c547d71b3d6401e0052f654c13eb7e7a1aa866748a0ab58bb35031b2c7fe
2026-09-05 07:10:23,Jump Trading,0xf584f8728b874a6a5c7a8d4d387c9aae9172d621,transfer_out,LIT,0x232ce3bd40fcd6f80f3d55a522d03f25df784ee2,10528.00000000,48428.80,ETH,self,sent to 0x76ec…66ed,4.6,1042557.84,https://dexscreener.com/ethereum/0x8366b1dde4de12c8806985fbb599d408d92d01a6faf2e478cc6bb76189cc00f1,0x8494a3eacd1dee5ca3be29fa1bdd75a83c8ee215704e89366a5a9edc0ff680f5
2026-09-05 07:14:35,Jump Trading,0xf584f8728b874a6a5c7a8d4d387c9aae9172d621,transfer_in,LIT,0x232ce3bd40fcd6f80f3d55a522d03f25df784ee2,2455.96900000,11297.46,ETH,external,from 0x4a4a…068d,4.6,1042557.84,https://dexscreener.com/ethereum/0x8366b1dde4de12c8806985fbb599d408d92d01a6faf2e478cc6bb76189cc00f1,0xf1b8d0635a82c87fbb19c6b1e7ac61b81ac1a0ace41088ace2494f569fdc7299
2026-09-05 07:29:11,Jump Trading,0xf584f8728b874a6a5c7a8d4d387c9aae9172d621,transfer_in,USDT,0xdac17f958d2ee523a2206206994597c13d831ec7,98092.28000000,98092.28,ETH,external,from 0x1ab4…8f23,1.0,867.28,https://dexscreener.com/ethereum/0xef3a1cae64848f9eb25022de4dcb77b40affe419-0xdac17f958d2ee523a2206206994597c13d831ec7-0xa0b86991c6218b36c1d19d4a2e9eb0ce3606eb48,0x22e17d6060c595a751d1e0c599ca0cd5a5a754bfe675f361f97042b3a6af8891
2026-09-05 07:29:35,Jump Trading,0xf584f8728b874a6a5c7a8d4d387c9aae9172d621,transfer_in,ATH,0xbe0ed4138121ecfc5c0e56b40517da27e6c5226b,1546077.90000000,7329.96,ETH,external,from 0x4a4a…068d,0.004741,311448.12,https://dexscreener.com/ethereum/0xd31d41dffa3589bb0c0183e46a1eed983a5e5978,0x2514615a1103a7cd7c10f5f85c4b0835616c7f327650ee7bed6a40ee292f805c
2026-09-05 07:29:35,Jump Trading,0xf584f8728b874a6a5c7a8d4d387c9aae9172d621,transfer_in,LIT,0x232ce3bd40fcd6f80f3d55a522d03f25df784ee2,4527.96900000,20828.66,ETH,external,from 0x4a4a…068d,4.6,1042557.84,https://dexscreener.com/ethereum/0x8366b1dde4de12c8806985fbb599d408d92d01a6faf2e478cc6bb76189cc00f1,0x92feb96f62b6bfe6a37cc51bca7f14f31cb400bacb2f71927895792adcfbe262
2026-09-05 07:44:35,Jump Trading,0xf584f8728b874a6a5c7a8d4d387c9aae9172d621,transfer_out,ATH,0xbe0ed4138121ecfc5c0e56b40517da27e6c5226b,6073222.00000000,28793.15,ETH,self,sent to 0x76ec…66ed,0.004741,311448.12,https://dexscreener.com/ethereum/0xd31d41dffa3589bb0c0183e46a1eed983a5e5978,0x8f436b71b26dcf3ea2c18dee358f0a614a805d562e5a09795cd4fcbfde3ba7c0
2026-09-05 08:05:23,Jump Trading,0xf584f8728b874a6a5c7a8d4d387c9aae9172d621,transfer_in,USDT,0xdac17f958d2ee523a2206206994597c13d831ec7,31695.62000000,31695.62,ETH,external,from 0x18e2…82f6,1.0,867.28,https://dexscreener.com/ethereum/0xef3a1cae64848f9eb25022de4dcb77b40affe419-0xdac17f958d2ee523a2206206994597c13d831ec7-0xa0b86991c6218b36c1d19d4a2e9eb0ce3606eb48,0x839c32300ebdcd4e61cdd3e80e43d86d888e80ad8e85a7b3dc41bfa5422e2dd5
2026-09-05 08:05:47,Jump Trading,0xf584f8728b874a6a5c7a8d4d387c9aae9172d621,transfer_in,USDT,0xdac17f958d2ee523a2206206994597c13d831ec7,69306.26000000,69306.26,ETH,external,from 0x1ab4…8f23,1.0,867.28,https://dexscreener.com/ethereum/0xef3a1cae64848f9eb25022de4dcb77b40affe419-0xdac17f958d2ee523a2206206994597c13d831ec7-0xa0b86991c6218b36c1d19d4a2e9eb0ce3606eb48,0x1cccf98d5e9a73cc44d04dc4eed3929df0791c68ff71f1292782f1d5a3c81be5
2026-09-05 08:19:35,Jump Trading,0xf584f8728b874a6a5c7a8d4d387c9aae9172d621,transfer_in,ATH,0xbe0ed4138121ecfc5c0e56b40517da27e6c5226b,1255731.84000000,5953.42,ETH,external,from 0x0d07…92fe,0.004741,311448.12,https://dexscreener.com/ethereum/0xd31d41dffa3589bb0c0183e46a1eed983a5e5978,0xc3df741e19e330088321ace40a9f028eeb6ecd71319ad3949e0e8c98c0c03bd3
2026-09-05 08:21:35,Jump Trading,0xf584f8728b874a6a5c7a8d4d387c9aae9172d621,transfer_in,LIT,0x232ce3bd40fcd6f80f3d55a522d03f25df784ee2,2054.96200000,9452.83,ETH,external,from 0x4a4a…068d,4.6,1042557.84,https://dexscreener.com/ethereum/0x8366b1dde4de12c8806985fbb599d408d92d01a6faf2e478cc6bb76189cc00f1,0x99de97c5ad42033e8df628adab8d5e9ee8adf7ff0e4e55601a15c8e4968db21a
2026-09-05 08:53:35,Jump Trading,0xf584f8728b874a6a5c7a8d4d387c9aae9172d621,transfer_in,USD1,0x8d0d000ee44948fc98c9b98a4fa4921476f08b0d,7546.00000000,7542.67,ETH,external,from 0xf89d…aa40,0.999559,287712.35,https://dexscreener.com/ethereum/0x185a1ff695d30a22c19f44c6b41e2d6d1c8c1f11,0xa24ff1e7b6f13b86adb0b30e0b25ac377f22696de9b619b61a5c2d406aadf6bc
2026-09-05 08:53:59,Jump Trading,0xf584f8728b874a6a5c7a8d4d387c9aae9172d621,transfer_in,USDT,0xdac17f958d2ee523a2206206994597c13d831ec7,114430.44000000,114430.44,ETH,external,from 0x18e2…82f6,1.0,867.28,https://dexscreener.com/ethereum/0xef3a1cae64848f9eb25022de4dcb77b40affe419-0xdac17f958d2ee523a2206206994597c13d831ec7-0xa0b86991c6218b36c1d19d4a2e9eb0ce3606eb48,0x8b6ace05d7f0c6cb0369c7860f67cc2559c4f1681c61327e404d9cdbd0aa3563
2026-09-05 08:54:59,Jump Trading,0xf584f8728b874a6a5c7a8d4d387c9aae9172d621,transfer_in,ATH,0xbe0ed4138121ecfc5c0e56b40517da27e6c5226b,2511461.72000000,11906.84,ETH,external,from 0x4a4a…068d,0.004741,311448.12,https://dexscreener.com/ethereum/0xd31d41dffa3589bb0c0183e46a1eed983a5e5978,0x8dc76a39d8a2a84e016fb7bbbdca0c63cf5391ef6d7afb751d88f6d10ac13ac1
2026-09-05 08:55:11,Jump Trading,0xf584f8728b874a6a5c7a8d4d387c9aae9172d621,transfer_in,LIT,0x232ce3bd40fcd6f80f3d55a522d03f25df784ee2,1661.96300000,7645.03,ETH,external,from 0x4a4a…068d,4.6,1042557.84,https://dexscreener.com/ethereum/0x8366b1dde4de12c8806985fbb599d408d92d01a6faf2e478cc6bb76189cc00f1,0x44a5839be33f1edc86d54a56945b7610e827ef7a16d2d5e7b8f573389dd78a05
2026-09-05 08:55:11,Jump Trading,0xf584f8728b874a6a5c7a8d4d387c9aae9172d621,transfer_in,USDT,0xdac17f958d2ee523a2206206994597c13d831ec7,19992.68000000,19992.68,ETH,external,from 0x0d07…92fe,1.0,867.28,https://dexscreener.com/ethereum/0xef3a1cae64848f9eb25022de4dcb77b40affe419-0xdac17f958d2ee523a2206206994597c13d831ec7-0xa0b86991c6218b36c1d19d4a2e9eb0ce3606eb48,0x6738d597fc7e68fec4392618b04a7c88f432c809d36422c7b5e0c1a801377cc1
2026-09-05 09:05:11,Jump Trading,0xf584f8728b874a6a5c7a8d4d387c9aae9172d621,transfer_in,USDT,0xdac17f958d2ee523a2206206994597c13d831ec7,52009.38000000,52009.38,ETH,external,from 0x18e2…82f6,1.0,867.28,https://dexscreener.com/ethereum/0xef3a1cae64848f9eb25022de4dcb77b40affe419-0xdac17f958d2ee523a2206206994597c13d831ec7-0xa0b86991c6218b36c1d19d4a2e9eb0ce3606eb48,0x4977753a3a7a473d28c30d58525533b2b631d1112505efb864c3c1685252b5e1
2026-09-05 09:06:23,Jump Trading,0xf584f8728b874a6a5c7a8d4d387c9aae9172d621,transfer_in,USDT,0xdac17f958d2ee523a2206206994597c13d831ec7,147875.43000000,147875.43,ETH,external,from 0x1ab4…8f23,1.0,867.28,https://dexscreener.com/ethereum/0xef3a1cae64848f9eb25022de4dcb77b40affe419-0xdac17f958d2ee523a2206206994597c13d831ec7-0xa0b86991c6218b36c1d19d4a2e9eb0ce3606eb48,0x0318748f05370db3f6fc098898ea65dac90eb4e5abf8df3f9de26f647ec98bbd
2026-09-05 09:20:35,Jump Trading,0xf584f8728b874a6a5c7a8d4d387c9aae9172d621,transfer_in,USDT,0xdac17f958d2ee523a2206206994597c13d831ec7,104585.43000000,104585.43,ETH,external,from 0x18e2…82f6,1.0,867.28,https://dexscreener.com/ethereum/0xef3a1cae64848f9eb25022de4dcb77b40affe419-0xdac17f958d2ee523a2206206994597c13d831ec7-0xa0b86991c6218b36c1d19d4a2e9eb0ce3606eb48,0x4aff1cf3292d3f3d651a46d8b1e78d5d7e0a392be90b4913d7bd088825e994b3
2026-09-05 09:38:35,Jump Trading,0xf584f8728b874a6a5c7a8d4d387c9aae9172d621,transfer_in,USDT,0xdac17f958d2ee523a2206206994597c13d831ec7,56786.37000000,56786.37,ETH,external,from 0x0d07…92fe,1.0,867.28,https://dexscreener.com/ethereum/0xef3a1cae64848f9eb25022de4dcb77b40affe419-0xdac17f958d2ee523a2206206994597c13d831ec7-0xa0b86991c6218b36c1d19d4a2e9eb0ce3606eb48,0x946179b4c977b343f5770b201793bf96f69f742b2eab8dd8030b3ee38249f039
2026-09-05 09:53:23,Jump Trading,0xf584f8728b874a6a5c7a8d4d387c9aae9172d621,transfer_in,USD1,0x8d0d000ee44948fc98c9b98a4fa4921476f08b0d,7031.00000000,7027.90,ETH,external,from 0xf89d…aa40,0.999559,287712.35,https://dexscreener.com/ethereum/0x185a1ff695d30a22c19f44c6b41e2d6d1c8c1f11,0x6e0a2578afea55fc718e865bd3c0165e0d75822b158819a5aceca7e40b36f277
2026-09-05 09:53:47,Jump Trading,0xf584f8728b874a6a5c7a8d4d387c9aae9172d621,transfer_in,USDT,0xdac17f958d2ee523a2206206994597c13d831ec7,35591.35000000,35591.35,ETH,external,from 0x18e2…82f6,1.0,867.28,https://dexscreener.com/ethereum/0xef3a1cae64848f9eb25022de4dcb77b40affe419-0xdac17f958d2ee523a2206206994597c13d831ec7-0xa0b86991c6218b36c1d19d4a2e9eb0ce3606eb48,0x57b0d88c592070d4a461827d54ce4d517f5c443f5badf7ccdc764d3b17a370f5
2026-09-05 09:54:35,Jump Trading,0xf584f8728b874a6a5c7a8d4d387c9aae9172d621,transfer_in,USDT,0xdac17f958d2ee523a2206206994597c13d831ec7,232555.79000000,232555.79,ETH,external,from 0x1ab4…8f23,1.0,867.28,https://dexscreener.com/ethereum/0xef3a1cae64848f9eb25022de4dcb77b40affe419-0xdac17f958d2ee523a2206206994597c13d831ec7-0xa0b86991c6218b36c1d19d4a2e9eb0ce3606eb48,0xc86c20afa038a4fc6cde0c3306b3ca2ee08833b167feb93d53dec5722635063d
2026-09-05 09:55:23,Jump Trading,0xf584f8728b874a6a5c7a8d4d387c9aae9172d621,transfer_in,LIT,0x232ce3bd40fcd6f80f3d55a522d03f25df784ee2,1227.95500000,5648.59,ETH,external,from 0x4a4a…068d,4.6,1042557.84,https://dexscreener.com/ethereum/0x8366b1dde4de12c8806985fbb599d408d92d01a6faf2e478cc6bb76189cc00f1,0xf9c3c96efb8819947e0100e4d9f5aa3b2ccf5fe9c02315fc70c37e465879307f
2026-09-05 10:08:59,Jump Trading,0xf584f8728b874a6a5c7a8d4d387c9aae9172d621,transfer_in,USD1,0x8d0d000ee44948fc98c9b98a4fa4921476f08b0d,5308.00000000,5305.66,ETH,external,from 0xf89d…aa40,0.999559,287712.35,https://dexscreener.com/ethereum/0x185a1ff695d30a22c19f44c6b41e2d6d1c8c1f11,0x566299b5b1cc3719afa44f3fce3e0104e5c8cbc5a83bc98c99e767d668db4660
2026-09-05 10:09:35,Jump Trading,0xf584f8728b874a6a5c7a8d4d387c9aae9172d621,transfer_out,ATH,0xbe0ed4138121ecfc5c0e56b40517da27e6c5226b,1097834.00000000,5204.83,ETH,self,sent to 0x76ec…66ed,0.004741,311448.12,https://dexscreener.com/ethereum/0xd31d41dffa3589bb0c0183e46a1eed983a5e5978,0x84a989b293526ca93ec4cf1e401b234a02676854b749c063f5de2a53cd60cdff
2026-09-05 10:10:11,Jump Trading,0xf584f8728b874a6a5c7a8d4d387c9aae9172d621,transfer_in,USDT,0xdac17f958d2ee523a2206206994597c13d831ec7,113291.05000000,113291.05,ETH,external,from 0x1ab4…8f23,1.0,867.28,https://dexscreener.com/ethereum/0xef3a1cae64848f9eb25022de4dcb77b40affe419-0xdac17f958d2ee523a2206206994597c13d831ec7-0xa0b86991c6218b36c1d19d4a2e9eb0ce3606eb48,0xbca4e426e22fa273e0727a96f59276f9839e190dbb5971bf1c6f70c55ccfc013
2026-09-05 10:10:59,Jump Trading,0xf584f8728b874a6a5c7a8d4d387c9aae9172d621,transfer_out,USD1,0x8d0d000ee44948fc98c9b98a4fa4921476f08b0d,226187.00000000,226087.25,ETH,self,sent to 0xd6b3…9326,0.999559,287712.35,https://dexscreener.com/ethereum/0x185a1ff695d30a22c19f44c6b41e2d6d1c8c1f11,0x6f9f7dfaeb58684b4ba0a77705d8ada19be340273370e60b83808eeddbd2ccc1
2026-09-05 10:24:11,Jump Trading,0xf584f8728b874a6a5c7a8d4d387c9aae9172d621,transfer_in,USDT,0xdac17f958d2ee523a2206206994597c13d831ec7,17312.25000000,17312.25,ETH,external,from 0x0d07…92fe,1.0,867.28,https://dexscreener.com/ethereum/0xef3a1cae64848f9eb25022de4dcb77b40affe419-0xdac17f958d2ee523a2206206994597c13d831ec7-0xa0b86991c6218b36c1d19d4a2e9eb0ce3606eb48,0xb10cdf2ad67c63fb7d86ca92b078d492c77fe1b77e9ac9d3ba261a2f5b8dcc29
2026-09-05 10:43:11,Jump Trading,0xf584f8728b874a6a5c7a8d4d387c9aae9172d621,transfer_in,USDT,0xdac17f958d2ee523a2206206994597c13d831ec7,162950.98000000,162950.98,ETH,external,from 0x1ab4…8f23,1.0,867.28,https://dexscreener.com/ethereum/0xef3a1cae64848f9eb25022de4dcb77b40affe419-0xdac17f958d2ee523a2206206994597c13d831ec7-0xa0b86991c6218b36c1d19d4a2e9eb0ce3606eb48,0xb419128e83616955fb426170b3ec2fa4e560dd3cb6a90278854e921792c6ff5c
2026-09-05 10:44:23,Jump Trading,0xf584f8728b874a6a5c7a8d4d387c9aae9172d621,transfer_out,USDT,0xdac17f958d2ee523a2206206994597c13d831ec7,16133.44000000,16133.44,ETH,self,sent to 0x30f2…8940,1.0,867.28,https://dexscreener.com/ethereum/0xef3a1cae64848f9eb25022de4dcb77b40affe419-0xdac17f958d2ee523a2206206994597c13d831ec7-0xa0b86991c6218b36c1d19d4a2e9eb0ce3606eb48,0xd019c1240b28c123305999aa497848e756935ba13e62caf80c880faa3dd791f7
2026-09-05 10:58:47,Jump Trading,0xf584f8728b874a6a5c7a8d4d387c9aae9172d621,transfer_in,USDT,0xdac17f958d2ee523a2206206994597c13d831ec7,331305.65000000,331305.65,ETH,external,from 0x1ab4…8f23,1.0,867.28,https://dexscreener.com/ethereum/0xef3a1cae64848f9eb25022de4dcb77b40affe419-0xdac17f958d2ee523a2206206994597c13d831ec7-0xa0b86991c6218b36c1d19d4a2e9eb0ce3606eb48,0x62aa4040320850d148a458665c1ba2b9d1a3ed9da30315a98375e7b137b8eb95
2026-09-05 11:07:47,Jump Trading,0xf584f8728b874a6a5c7a8d4d387c9aae9172d621,transfer_in,USDT,0xdac17f958d2ee523a2206206994597c13d831ec7,123121.78000000,123121.78,ETH,external,from 0x18e2…82f6,1.0,867.28,https://dexscreener.com/ethereum/0xef3a1cae64848f9eb25022de4dcb77b40affe419-0xdac17f958d2ee523a2206206994597c13d831ec7-0xa0b86991c6218b36c1d19d4a2e9eb0ce3606eb48,0x3d64659941968eadf017098521da14052a19c4d35f96da57a2f3710f67276e9b
2026-09-05 11:08:23,Jump Trading,0xf584f8728b874a6a5c7a8d4d387c9aae9172d621,transfer_out,ATH,0xbe0ed4138121ecfc5c0e56b40517da27e6c5226b,1451457.00000000,6881.36,ETH,self,sent to 0xd6b3…9326,0.004741,311448.12,https://dexscreener.com/ethereum/0xd31d41dffa3589bb0c0183e46a1eed983a5e5978,0x4651fae1da689a5e79830f2a755702ab3f139e070919b3073b4d35e01e2ea686
2026-09-05 11:09:11,Jump Trading,0xf584f8728b874a6a5c7a8d4d387c9aae9172d621,transfer_in,USDT,0xdac17f958d2ee523a2206206994597c13d831ec7,216783.60000000,216783.60,ETH,external,from 0x0d07…92fe,1.0,867.28,https://dexscreener.com/ethereum/0xef3a1cae64848f9eb25022de4dcb77b40affe419-0xdac17f958d2ee523a2206206994597c13d831ec7-0xa0b86991c6218b36c1d19d4a2e9eb0ce3606eb48,0x1d14833483d015f2b55ab651343dc246fc8d23ab0c595c6c21cb2c78f4d77ecf
2026-09-05 11:22:47,Jump Trading,0xf584f8728b874a6a5c7a8d4d387c9aae9172d621,transfer_in,ATH,0xbe0ed4138121ecfc5c0e56b40517da27e6c5226b,3716660.00000000,17620.69,ETH,external,from 0x6516…022f,0.004741,311448.12,https://dexscreener.com/ethereum/0xd31d41dffa3589bb0c0183e46a1eed983a5e5978,0x6875fd7ebf0e048b2717c38981957b67e4cbac06c891a957b82a16e1253f402a
2026-09-05 11:24:11,Jump Trading,0xf584f8728b874a6a5c7a8d4d387c9aae9172d621,transfer_in,USDT,0xdac17f958d2ee523a2206206994597c13d831ec7,42537.88000000,42537.88,ETH,external,from 0x1ab4…8f23,1.0,867.28,https://dexscreener.com/ethereum/0xef3a1cae64848f9eb25022de4dcb77b40affe419-0xdac17f958d2ee523a2206206994597c13d831ec7-0xa0b86991c6218b36c1d19d4a2e9eb0ce3606eb48,0x1ce6f78540d6e7930c1f1ca777de20b29ea0f7b8cc916caaa4177d5c42b85d96
2026-09-05 11:24:11,Jump Trading,0xf584f8728b874a6a5c7a8d4d387c9aae9172d621,transfer_in,USDT,0xdac17f958d2ee523a2206206994597c13d831ec7,92319.78000000,92319.78,ETH,external,from 0x0d07…92fe,1.0,867.28,https://dexscreener.com/ethereum/0xef3a1cae64848f9eb25022de4dcb77b40affe419-0xdac17f958d2ee523a2206206994597c13d831ec7-0xa0b86991c6218b36c1d19d4a2e9eb0ce3606eb48,0xeb7b2af8d22450b4ceaa4c56a2225255f1e841b3c4542d4e534f924e4ce2bfc9
2026-09-05 11:43:11,Jump Trading,0xf584f8728b874a6a5c7a8d4d387c9aae9172d621,transfer_in,USDT,0xdac17f958d2ee523a2206206994597c13d831ec7,28863.51000000,28863.51,ETH,external,from 0x0d07…92fe,1.0,867.28,https://dexscreener.com/ethereum/0xef3a1cae64848f9eb25022de4dcb77b40affe419-0xdac17f958d2ee523a2206206994597c13d831ec7-0xa0b86991c6218b36c1d19d4a2e9eb0ce3606eb48,0x6ea614d04d8312a804f9b577e4c24c0ae6225c1e20ae920614732ac614a24225
2026-09-05 11:44:11,Jump Trading,0xf584f8728b874a6a5c7a8d4d387c9aae9172d621,transfer_in,USDT,0xdac17f958d2ee523a2206206994597c13d831ec7,265330.90000000,265330.90,ETH,external,from 0x1ab4…8f23,1.0,867.28,https://dexscreener.com/ethereum/0xef3a1cae64848f9eb25022de4dcb77b40affe419-0xdac17f958d2ee523a2206206994597c13d831ec7-0xa0b86991c6218b36c1d19d4a2e9eb0ce3606eb48,0xcfd727b13e731e91ef91687c78b441db1c3de8c576a2ada9de54ba5d5f41b2ca
2026-09-05 12:06:11,Jump Trading,0xf584f8728b874a6a5c7a8d4d387c9aae9172d621,transfer_in,USDT,0xdac17f958d2ee523a2206206994597c13d831ec7,118379.62000000,118379.62,ETH,external,from 0x0d07…92fe,1.0,867.28,https://dexscreener.com/ethereum/0xef3a1cae64848f9eb25022de4dcb77b40affe419-0xdac17f958d2ee523a2206206994597c13d831ec7-0xa0b86991c6218b36c1d19d4a2e9eb0ce3606eb48,0x3d7f5de833fbfdc4406565ec045114be24f75c40984ae1ac40efaec6cc1c3561
2026-09-05 12:06:11,Jump Trading,0xf584f8728b874a6a5c7a8d4d387c9aae9172d621,transfer_in,USDT,0xdac17f958d2ee523a2206206994597c13d831ec7,154095.78000000,154095.78,ETH,external,from 0x18e2…82f6,1.0,867.28,https://dexscreener.com/ethereum/0xef3a1cae64848f9eb25022de4dcb77b40affe419-0xdac17f958d2ee523a2206206994597c13d831ec7-0xa0b86991c6218b36c1d19d4a2e9eb0ce3606eb48,0xedc03f7828c263fb3593cbe87874b7694239ce7ecc35aeb11e2f9c294d099181
2026-09-05 12:06:59,Jump Trading,0xf584f8728b874a6a5c7a8d4d387c9aae9172d621,transfer_in,USDT,0xdac17f958d2ee523a2206206994597c13d831ec7,48990.68000000,48990.68,ETH,external,from 0x1ab4…8f23,1.0,867.28,https://dexscreener.com/ethereum/0xef3a1cae64848f9eb25022de4dcb77b40affe419-0xdac17f958d2ee523a2206206994597c13d831ec7-0xa0b86991c6218b36c1d19d4a2e9eb0ce3606eb48,0xe3c4dc468977bbb708e5ad15c8ceedd12393a9b68cb688ec62d0e5b3091fd95e
2026-09-05 12:21:47,Jump Trading,0xf584f8728b874a6a5c7a8d4d387c9aae9172d621,transfer_in,USDT,0xdac17f958d2ee523a2206206994597c13d831ec7,130927.35000000,130927.35,ETH,external,from 0x18e2…82f6,1.0,867.28,https://dexscreener.com/ethereum/0xef3a1cae64848f9eb25022de4dcb77b40affe419-0xdac17f958d2ee523a2206206994597c13d831ec7-0xa0b86991c6218b36c1d19d4a2e9eb0ce3606eb48,0x11da7af514c71f7f6e88912e8c0ec6906a553907db0282e109b5ac8e358508e6
2026-09-05 12:22:23,Jump Trading,0xf584f8728b874a6a5c7a8d4d387c9aae9172d621,transfer_in,USDT,0xdac17f958d2ee523a2206206994597c13d831ec7,25330.23000000,25330.23,ETH,external,from 0x1ab4…8f23,1.0,867.28,https://dexscreener.com/ethereum/0xef3a1cae64848f9eb25022de4dcb77b40affe419-0xdac17f958d2ee523a2206206994597c13d831ec7-0xa0b86991c6218b36c1d19d4a2e9eb0ce3606eb48,0x1e1089d44b1528403a4fc2dbde81406c5092ccf2d5599608949bda058b8dac6e
2026-09-05 12:51:11,Jump Trading,0xf584f8728b874a6a5c7a8d4d387c9aae9172d621,transfer_in,USDT,0xdac17f958d2ee523a2206206994597c13d831ec7,97792.09000000,97792.09,ETH,external,from 0x0d07…92fe,1.0,867.28,https://dexscreener.com/ethereum/0xef3a1cae64848f9eb25022de4dcb77b40affe419-0xdac17f958d2ee523a2206206994597c13d831ec7-0xa0b86991c6218b36c1d19d4a2e9eb0ce3606eb48,0x890104c090dd66520b8779daace2874290f34fe9ddce512276f539cf7848db07
2026-09-05 13:08:35,Jump Trading,0xf584f8728b874a6a5c7a8d4d387c9aae9172d621,transfer_in,USDT,0xdac17f958d2ee523a2206206994597c13d831ec7,18799.72000000,18799.72,ETH,external,from 0x18e2…82f6,1.0,867.28,https://dexscreener.com/ethereum/0xef3a1cae64848f9eb25022de4dcb77b40affe419-0xdac17f958d2ee523a2206206994597c13d831ec7-0xa0b86991c6218b36c1d19d4a2e9eb0ce3606eb48,0x4e6ac4ea4ecc936cd6d6aa7c2c2f87c80155f4f1a02d031e82684e7902c9a48d
2026-09-05 13:15:35,Jump Trading,0xf584f8728b874a6a5c7a8d4d387c9aae9172d621,transfer_in,LIT,0x232ce3bd40fcd6f80f3d55a522d03f25df784ee2,2369.94100000,10901.73,ETH,external,from 0x4a4a…068d,4.6,1042557.84,https://dexscreener.com/ethereum/0x8366b1dde4de12c8806985fbb599d408d92d01a6faf2e478cc6bb76189cc00f1,0x4632a15fb63b007edbe7e569b084a97813057c1dfd5be31dd5b85b8622c063aa
2026-09-05 13:21:59,Jump Trading,0xf584f8728b874a6a5c7a8d4d387c9aae9172d621,transfer_in,USDT,0xdac17f958d2ee523a2206206994597c13d831ec7,35821.87000000,35821.87,ETH,external,from 0x18e2…82f6,1.0,867.28,https://dexscreener.com/ethereum/0xef3a1cae64848f9eb25022de4dcb77b40affe419-0xdac17f958d2ee523a2206206994597c13d831ec7-0xa0b86991c6218b36c1d19d4a2e9eb0ce3606eb48,0x978d37eff39f26ba007fcbd281f44e8ad115c1ba88f74ce13588ae171c8c3c79
2026-09-05 13:39:47,Jump Trading,0xf584f8728b874a6a5c7a8d4d387c9aae9172d621,transfer_out,USDT,0xdac17f958d2ee523a2206206994597c13d831ec7,24036.05000000,24036.05,ETH,self,sent to 0x30f2…8940,1.0,867.28,https://dexscreener.com/ethereum/0xef3a1cae64848f9eb25022de4dcb77b40affe419-0xdac17f958d2ee523a2206206994597c13d831ec7-0xa0b86991c6218b36c1d19d4a2e9eb0ce3606eb48,0x5795212ec2beae5773de7b3646d6ba98e4c8aad52bc2e587d596e76119823210
2026-09-05 13:52:59,Jump Trading,0xf584f8728b874a6a5c7a8d4d387c9aae9172d621,transfer_out,USDT,0xdac17f958d2ee523a2206206994597c13d831ec7,16693.45000000,16693.45,ETH,self,sent to 0x30f2…8940,1.0,867.28,https://dexscreener.com/ethereum/0xef3a1cae64848f9eb25022de4dcb77b40affe419-0xdac17f958d2ee523a2206206994597c13d831ec7-0xa0b86991c6218b36c1d19d4a2e9eb0ce3606eb48,0x80ceef41af138c78ca4b051c60ae11b9ab1eb92819ac4f21502f74a9d4e30b44
2026-09-05 14:30:23,Jump Trading,0xf584f8728b874a6a5c7a8d4d387c9aae9172d621,transfer_out,LIT,0x232ce3bd40fcd6f80f3d55a522d03f25df784ee2,8889.00000000,40889.40,ETH,self,sent to 0x76ec…66ed,4.6,1042557.84,https://dexscreener.com/ethereum/0x8366b1dde4de12c8806985fbb599d408d92d01a6faf2e478cc6bb76189cc00f1,0xadaa5b54773e8fff46c03ce1d77d6fad9806bfa9f0097a41024f32e751cdf4c1
2026-09-05 14:43:11,Jump Trading,0xf584f8728b874a6a5c7a8d4d387c9aae9172d621,transfer_in,USDT,0xdac17f958d2ee523a2206206994597c13d831ec7,21309.54000000,21309.54,ETH,external,from 0x4634…9758,1.0,867.28,https://dexscreener.com/ethereum/0xef3a1cae64848f9eb25022de4dcb77b40affe419-0xdac17f958d2ee523a2206206994597c13d831ec7-0xa0b86991c6218b36c1d19d4a2e9eb0ce3606eb48,0x511522815042208b698994d5daceafa8ba23e6312245484854c59b6a50af895d
2026-09-05 14:43:59,Jump Trading,0xf584f8728b874a6a5c7a8d4d387c9aae9172d621,transfer_in,USDT,0xdac17f958d2ee523a2206206994597c13d831ec7,52073.27000000,52073.27,ETH,external,from 0x1ab4…8f23,1.0,867.28,https://dexscreener.com/ethereum/0xef3a1cae64848f9eb25022de4dcb77b40affe419-0xdac17f958d2ee523a2206206994597c13d831ec7-0xa0b86991c6218b36c1d19d4a2e9eb0ce3606eb48,0x9009d879dc71fa68451ed63903dda29a17949e3262521a80fd1a6f6db1e507ed
2026-09-05 14:59:23,Jump Trading,0xf584f8728b874a6a5c7a8d4d387c9aae9172d621,transfer_out,USDT,0xdac17f958d2ee523a2206206994597c13d831ec7,112915.43000000,112915.43,ETH,self,sent to 0xd6b3…9326,1.0,867.28,https://dexscreener.com/ethereum/0xef3a1cae64848f9eb25022de4dcb77b40affe419-0xdac17f958d2ee523a2206206994597c13d831ec7-0xa0b86991c6218b36c1d19d4a2e9eb0ce3606eb48,0xb55f03ec4775b3e082ab4698589148f02dd9fa5838845355a26e7b70cf14f0a8
2026-09-05 15:07:11,Jump Trading,0xf584f8728b874a6a5c7a8d4d387c9aae9172d621,transfer_in,USDT,0xdac17f958d2ee523a2206206994597c13d831ec7,22873.42000000,22873.42,ETH,external,from 0x4634…9758,1.0,867.28,https://dexscreener.com/ethereum/0xef3a1cae64848f9eb25022de4dcb77b40affe419-0xdac17f958d2ee523a2206206994597c13d831ec7-0xa0b86991c6218b36c1d19d4a2e9eb0ce3606eb48,0xd26c6d6a67f7d9173ec47f169110794dc4ed410e4879397169afab9dbf0582f9
2026-09-05 17:01:23,Jump Trading,0xf584f8728b874a6a5c7a8d4d387c9aae9172d621,transfer_in,USD1,0x8d0d000ee44948fc98c9b98a4fa4921476f08b0d,5920.00000000,5917.39,ETH,external,from 0xf89d…aa40,0.999559,287712.35,https://dexscreener.com/ethereum/0x185a1ff695d30a22c19f44c6b41e2d6d1c8c1f11,0x52dbd1f0621e4d9d06430da43a37ae7d126b1e014d5ceb96afcf316ccac06325
2026-09-05 17:01:59,Jump Trading,0xf584f8728b874a6a5c7a8d4d387c9aae9172d621,transfer_in,USDT,0xdac17f958d2ee523a2206206994597c13d831ec7,266565.00000000,266565.00,ETH,external,from 0x18e2…82f6,1.0,867.28,https://dexscreener.com/ethereum/0xef3a1cae64848f9eb25022de4dcb77b40affe419-0xdac17f958d2ee523a2206206994597c13d831ec7-0xa0b86991c6218b36c1d19d4a2e9eb0ce3606eb48,0x01c64dc7fbfc94f434636b94416944c0df7083d676754e3486f600c00cd18d30
2026-09-05 17:57:47,Jump Trading,0xf584f8728b874a6a5c7a8d4d387c9aae9172d621,transfer_in,USD1,0x8d0d000ee44948fc98c9b98a4fa4921476f08b0d,34617.00000000,34601.73,ETH,external,from 0xf89d…aa40,0.999559,287712.35,https://dexscreener.com/ethereum/0x185a1ff695d30a22c19f44c6b41e2d6d1c8c1f11,0x99d707fb4ec5aa5fc60eb48fae80513c81e91a265c3f9e713c78218b2275fd91
2026-09-05 17:59:59,Jump Trading,0xf584f8728b874a6a5c7a8d4d387c9aae9172d621,transfer_in,USDT,0xdac17f958d2ee523a2206206994597c13d831ec7,37439.67000000,37439.67,ETH,external,from 0x1ab4…8f23,1.0,867.28,https://dexscreener.com/ethereum/0xef3a1cae64848f9eb25022de4dcb77b40affe419-0xdac17f958d2ee523a2206206994597c13d831ec7-0xa0b86991c6218b36c1d19d4a2e9eb0ce3606eb48,0xc0df9a109a846b1a82e858469ed076e50c329a56d0e5b3d4cfe91d94d2c97b48
2026-09-05 18:05:59,Jump Trading,0xf584f8728b874a6a5c7a8d4d387c9aae9172d621,transfer_in,LIT,0x232ce3bd40fcd6f80f3d55a522d03f25df784ee2,1662.96800000,7649.65,ETH,external,from 0x4a4a…068d,4.6,1042557.84,https://dexscreener.com/ethereum/0x8366b1dde4de12c8806985fbb599d408d92d01a6faf2e478cc6bb76189cc00f1,0x36082a57f2c0892d7a42d44daf51c79f1a63ab4ac8ea6e965cf3f8b509fd8c2a
2026-09-05 18:16:47,Jump Trading,0xf584f8728b874a6a5c7a8d4d387c9aae9172d621,transfer_out,USDT,0xdac17f958d2ee523a2206206994597c13d831ec7,318982.75000000,318982.75,ETH,self,sent to 0xd6b3…9326,1.0,867.28,https://dexscreener.com/ethereum/0xef3a1cae64848f9eb25022de4dcb77b40affe419-0xdac17f958d2ee523a2206206994597c13d831ec7-0xa0b86991c6218b36c1d19d4a2e9eb0ce3606eb48,0x22803e6f4da61ce5007c1d369266a2f9484def2dd92b51de0784446ac9fe57f0
2026-09-05 18:18:23,Jump Trading,0xf584f8728b874a6a5c7a8d4d387c9aae9172d621,transfer_out,USDT,0xdac17f958d2ee523a2206206994597c13d831ec7,54218.56000000,54218.56,ETH,self,sent to 0xd6b3…9326,1.0,867.28,https://dexscreener.com/ethereum/0xef3a1cae64848f9eb25022de4dcb77b40affe419-0xdac17f958d2ee523a2206206994597c13d831ec7-0xa0b86991c6218b36c1d19d4a2e9eb0ce3606eb48,0x96abf1ffcc787ba2786ed911b7b71962cd13936efbc63a70f2ba1a8c9142bf35
2026-09-05 18:20:59,Jump Trading,0xf584f8728b874a6a5c7a8d4d387c9aae9172d621,transfer_out,USDT,0xdac17f958d2ee523a2206206994597c13d831ec7,2548937.40000000,2548937.40,ETH,self,sent to 0xed89…60e7,1.0,867.28,https://dexscreener.com/ethereum/0xef3a1cae64848f9eb25022de4dcb77b40affe419-0xdac17f958d2ee523a2206206994597c13d831ec7-0xa0b86991c6218b36c1d19d4a2e9eb0ce3606eb48,0x3b78e3414e826011469642c7256011620ab83de374bb708762df8681dc8fc608
2026-09-05 18:25:59,Jump Trading,0xf584f8728b874a6a5c7a8d4d387c9aae9172d621,transfer_in,USD1,0x8d0d000ee44948fc98c9b98a4fa4921476f08b0d,53573.00000000,53549.37,ETH,external,from 0xf89d…aa40,0.999559,287712.35,https://dexscreener.com/ethereum/0x185a1ff695d30a22c19f44c6b41e2d6d1c8c1f11,0x8106bb0f5f38698cfec8cc8131615e140dd290566400c3bcf51347a483a3f52c
2026-09-05 18:26:23,Jump Trading,0xf584f8728b874a6a5c7a8d4d387c9aae9172d621,transfer_out,USDT,0xdac17f958d2ee523a2206206994597c13d831ec7,540581.80000000,540581.80,ETH,self,sent to 0xed89…60e7,1.0,867.28,https://dexscreener.com/ethereum/0xef3a1cae64848f9eb25022de4dcb77b40affe419-0xdac17f958d2ee523a2206206994597c13d831ec7-0xa0b86991c6218b36c1d19d4a2e9eb0ce3606eb48,0x1cfc0eedf74c87adac8c1ce9d88e1daa4d57679578de80227b9306f24040cc3e
2026-09-05 18:27:11,Jump Trading,0xf584f8728b874a6a5c7a8d4d387c9aae9172d621,transfer_in,USDT,0xdac17f958d2ee523a2206206994597c13d831ec7,1067739.54000000,1067739.54,ETH,external,from 0x1ab4…8f23,1.0,867.28,https://dexscreener.com/ethereum/0xef3a1cae64848f9eb25022de4dcb77b40affe419-0xdac17f958d2ee523a2206206994597c13d831ec7-0xa0b86991c6218b36c1d19d4a2e9eb0ce3606eb48,0xf04ce32a8a8c87bd55a5e3ce9c12c74bc11fa73a69386a7e258dc5d8354274b4
2026-09-05 18:28:11,Jump Trading,0xf584f8728b874a6a5c7a8d4d387c9aae9172d621,transfer_out,USD1,0x8d0d000ee44948fc98c9b98a4fa4921476f08b0d,208748.00000000,208655.94,ETH,self,sent to 0xd6b3…9326,0.999559,287712.35,https://dexscreener.com/ethereum/0x185a1ff695d30a22c19f44c6b41e2d6d1c8c1f11,0x30238e94ad6c0d82d909c1f45dae7a7626e3084a273474e1166156b5a7a31a2d
2026-09-05 18:39:11,Jump Trading,0xf584f8728b874a6a5c7a8d4d387c9aae9172d621,transfer_in,USD1,0x8d0d000ee44948fc98c9b98a4fa4921476f08b0d,5896.00000000,5893.40,ETH,external,from 0xf89d…aa40,0.999559,287712.35,https://dexscreener.com/ethereum/0x185a1ff695d30a22c19f44c6b41e2d6d1c8c1f11,0x6ee5cef6805f6e1252e744651ebe5f3bdf0e4605b227dfecd8554492fe88b01e
2026-09-05 18:39:35,Jump Trading,0xf584f8728b874a6a5c7a8d4d387c9aae9172d621,transfer_in,USDT,0xdac17f958d2ee523a2206206994597c13d831ec7,216972.44000000,216972.44,ETH,external,from 0x0d07…92fe,1.0,867.28,https://dexscreener.com/ethereum/0xef3a1cae64848f9eb25022de4dcb77b40affe419-0xdac17f958d2ee523a2206206994597c13d831ec7-0xa0b86991c6218b36c1d19d4a2e9eb0ce3606eb48,0xb3cf8e61588e0579dd2e012dec8f7a2d851cfec7fbc7b79f7ec92a842c269d4a
2026-09-05 19:11:59,Jump Trading,0xf584f8728b874a6a5c7a8d4d387c9aae9172d621,transfer_in,USD1,0x8d0d000ee44948fc98c9b98a4fa4921476f08b0d,12175.00000000,12169.63,ETH,external,from 0xf89d…aa40,0.999559,287712.35,https://dexscreener.com/ethereum/0x185a1ff695d30a22c19f44c6b41e2d6d1c8c1f11,0x789ee141d06ac136cb474ee9df15b7f83a0d28b620e69897640d8468720f4236
2026-09-05 19:16:23,Jump Trading,0xf584f8728b874a6a5c7a8d4d387c9aae9172d621,transfer_in,LIT,0x232ce3bd40fcd6f80f3d55a522d03f25df784ee2,1619.94200000,7451.73,ETH,external,from 0x4a4a…068d,4.6,1042557.84,https://dexscreener.com/ethereum/0x8366b1dde4de12c8806985fbb599d408d92d01a6faf2e478cc6bb76189cc00f1,0xd086cb6526742abe1d8ca69c8358967744557d38594c727b40d4e90169ffee21
2026-09-05 19:44:47,Jump Trading,0xf584f8728b874a6a5c7a8d4d387c9aae9172d621,transfer_in,USD1,0x8d0d000ee44948fc98c9b98a4fa4921476f08b0d,5792.00000000,5789.45,ETH,external,from 0xf89d…aa40,0.999559,287712.35,https://dexscreener.com/ethereum/0x185a1ff695d30a22c19f44c6b41e2d6d1c8c1f11,0x184c197e326bd09f37c6b8a291d00d0e8c93b737d4afd0234eabeffb69425858
2026-09-05 19:48:35,Jump Trading,0xf584f8728b874a6a5c7a8d4d387c9aae9172d621,transfer_out,USDT,0xdac17f958d2ee523a2206206994597c13d831ec7,35237.91000000,35237.91,ETH,self,sent to 0x30f2…8940,1.0,867.28,https://dexscreener.com/ethereum/0xef3a1cae64848f9eb25022de4dcb77b40affe419-0xdac17f958d2ee523a2206206994597c13d831ec7-0xa0b86991c6218b36c1d19d4a2e9eb0ce3606eb48,0xc9647931d82790ff1343735232218a7ef4df4eb8c21146cf868e55b5a95db6e4
2026-09-05 20:31:23,Jump Trading,0xf584f8728b874a6a5c7a8d4d387c9aae9172d621,transfer_in,USD1,0x8d0d000ee44948fc98c9b98a4fa4921476f08b0d,11898.00000000,11892.75,ETH,external,from 0xf89d…aa40,0.999559,287712.35,https://dexscreener.com/ethereum/0x185a1ff695d30a22c19f44c6b41e2d6d1c8c1f11,0xfa2bc01dee9c4783ecdcd5c9afa057fba5f29aeae98de1143bae6cfcc47aa9e5
2026-09-05 20:41:47,Jump Trading,0xf584f8728b874a6a5c7a8d4d387c9aae9172d621,transfer_in,USDT,0xdac17f958d2ee523a2206206994597c13d831ec7,73742.17000000,73742.17,ETH,external,from 0x1ab4…8f23,1.0,867.28,https://dexscreener.com/ethereum/0xef3a1cae64848f9eb25022de4dcb77b40affe419-0xdac17f958d2ee523a2206206994597c13d831ec7-0xa0b86991c6218b36c1d19d4a2e9eb0ce3606eb48,0xe7fb1380a7d37d4789e83af1e84c231a72a6d22f7928bf6f14c5ba57b5941852
2026-09-05 21:02:11,Jump Trading,0xf584f8728b874a6a5c7a8d4d387c9aae9172d621,transfer_in,USDT,0xdac17f958d2ee523a2206206994597c13d831ec7,19442.44000000,19442.44,ETH,external,from 0x4634…9758,1.0,867.28,https://dexscreener.com/ethereum/0xef3a1cae64848f9eb25022de4dcb77b40affe419-0xdac17f958d2ee523a2206206994597c13d831ec7-0xa0b86991c6218b36c1d19d4a2e9eb0ce3606eb48,0x5b977a25ff5ab6de7f5a5ec298c3e11b364d3c4e38ad1651d4fb535ddf6c71f3
2026-09-05 22:13:23,Jump Trading,0xf584f8728b874a6a5c7a8d4d387c9aae9172d621,transfer_in,USDT,0xdac17f958d2ee523a2206206994597c13d831ec7,240275.87000000,240275.87,ETH,external,from 0x18e2…82f6,1.0,867.28,https://dexscreener.com/ethereum/0xef3a1cae64848f9eb25022de4dcb77b40affe419-0xdac17f958d2ee523a2206206994597c13d831ec7-0xa0b86991c6218b36c1d19d4a2e9eb0ce3606eb48,0x67d63f29fbe3bfac0cb255669573e3d8f1ee8d8eaadeebb4b6d999741610fca0
2026-09-05 22:14:47,Jump Trading,0xf584f8728b874a6a5c7a8d4d387c9aae9172d621,transfer_out,USDT,0xdac17f958d2ee523a2206206994597c13d831ec7,65506.08000000,65506.08,ETH,self,sent to 0x30f2…8940,1.0,867.28,https://dexscreener.com/ethereum/0xef3a1cae64848f9eb25022de4dcb77b40affe419-0xdac17f958d2ee523a2206206994597c13d831ec7-0xa0b86991c6218b36c1d19d4a2e9eb0ce3606eb48,0xb2fdeb1c30c770b5b428b3a55c1a24a08aeabcf6d04dc2e07370ddcba44de00a
2026-09-05 22:58:23,Jump Trading,0xf584f8728b874a6a5c7a8d4d387c9aae9172d621,transfer_in,LIT,0x232ce3bd40fcd6f80f3d55a522d03f25df784ee2,3386.60000000,15578.36,ETH,external,from 0xf89d…aa40,4.6,1042557.84,https://dexscreener.com/ethereum/0x8366b1dde4de12c8806985fbb599d408d92d01a6faf2e478cc6bb76189cc00f1,0xd480afa735f8653f6ea5e7e2710aadeb59b868bf6929a6d678c423c001f47aee
2026-09-05 22:59:11,Jump Trading,0xf584f8728b874a6a5c7a8d4d387c9aae9172d621,transfer_in,USDT,0xdac17f958d2ee523a2206206994597c13d831ec7,53795.93000000,53795.93,ETH,external,from 0x1ab4…8f23,1.0,867.28,https://dexscreener.com/ethereum/0xef3a1cae64848f9eb25022de4dcb77b40affe419-0xdac17f958d2ee523a2206206994597c13d831ec7-0xa0b86991c6218b36c1d19d4a2e9eb0ce3606eb48,0xa8781bf6d1597504d32361d12a9f49fcfd1f80f005beb69ee17b0c046c1e86c6
2026-09-05 22:59:11,Jump Trading,0xf584f8728b874a6a5c7a8d4d387c9aae9172d621,transfer_in,USDT,0xdac17f958d2ee523a2206206994597c13d831ec7,140816.39000000,140816.39,ETH,external,from 0x4634…9758,1.0,867.28,https://dexscreener.com/ethereum/0xef3a1cae64848f9eb25022de4dcb77b40affe419-0xdac17f958d2ee523a2206206994597c13d831ec7-0xa0b86991c6218b36c1d19d4a2e9eb0ce3606eb48,0xe16b074651b91992ad8162b79dabc037564f318429ef836a9da98fa825eec02e
2026-09-05 23:06:59,Jump Trading,0xf584f8728b874a6a5c7a8d4d387c9aae9172d621,transfer_in,USDT,0xdac17f958d2ee523a2206206994597c13d831ec7,6691.10000000,6691.10,ETH,external,from 0x18e2…82f6,1.0,867.28,https://dexscreener.com/ethereum/0xef3a1cae64848f9eb25022de4dcb77b40affe419-0xdac17f958d2ee523a2206206994597c13d831ec7-0xa0b86991c6218b36c1d19d4a2e9eb0ce3606eb48,0xe1c9b43c8bc1ae08eaceebf1e97401aa45693e146703ffeab183bc4c409ded71
2026-09-05 23:19:35,Jump Trading,0xf584f8728b874a6a5c7a8d4d387c9aae9172d621,transfer_out,USDT,0xdac17f958d2ee523a2206206994597c13d831ec7,23409.01000000,23409.01,ETH,self,sent to 0x30f2…8940,1.0,867.28,https://dexscreener.com/ethereum/0xef3a1cae64848f9eb25022de4dcb77b40affe419-0xdac17f958d2ee523a2206206994597c13d831ec7-0xa0b86991c6218b36c1d19d4a2e9eb0ce3606eb48,0x3d54be73d73dc950398b1d22109bc4befa92bc609af57c0300e120f06934a2ca
2026-09-05 23:20:23,Jump Trading,0xf584f8728b874a6a5c7a8d4d387c9aae9172d621,transfer_in,USDT,0xdac17f958d2ee523a2206206994597c13d831ec7,148584.03000000,148584.03,ETH,external,from 0x1ab4…8f23,1.0,867.28,https://dexscreener.com/ethereum/0xef3a1cae64848f9eb25022de4dcb77b40affe419-0xdac17f958d2ee523a2206206994597c13d831ec7-0xa0b86991c6218b36c1d19d4a2e9eb0ce3606eb48,0xf68425e2258e7e554a434daecf6fd045e0d2c765ec3ee6dbe2b7abad6198a272
2026-09-05 23:33:47,Jump Trading,0xf584f8728b874a6a5c7a8d4d387c9aae9172d621,transfer_in,UNI,0x1f9840a85d5af5bf1d1762f925bdaddc4201f984,935.88000000,6485.65,ETH,external,from 0x21a3…5549,6.93,422881.68,https://dexscreener.com/ethereum/0xfaa318479b7755b2dbfdd34dc306cb28b420ad12,0x23e492ba39ce45d06d1b5fa8cb47a440dd3446ab1a4985673ec77d0ba97f753b
2026-09-05 23:37:59,Jump Trading,0xf584f8728b874a6a5c7a8d4d387c9aae9172d621,transfer_in,LIT,0x232ce3bd40fcd6f80f3d55a522d03f25df784ee2,1812.60000000,8337.96,ETH,external,from 0xf89d…aa40,4.6,1042557.84,https://dexscreener.com/ethereum/0x8366b1dde4de12c8806985fbb599d408d92d01a6faf2e478cc6bb76189cc00f1,0x09af254ec9887b20ae0207ab62043c5375b215641c21b257aa8c10d630ae440e
2026-09-05 23:50:47,Jump Trading,0xf584f8728b874a6a5c7a8d4d387c9aae9172d621,transfer_out,USDT,0xdac17f958d2ee523a2206206994597c13d831ec7,138639.35000000,138639.35,ETH,self,sent to 0xd6b3…9326,1.0,867.28,https://dexscreener.com/ethereum/0xef3a1cae64848f9eb25022de4dcb77b40affe419-0xdac17f958d2ee523a2206206994597c13d831ec7-0xa0b86991c6218b36c1d19d4a2e9eb0ce3606eb48,0x218ae33cab77f0cce529494f726f7c1b421755e96c97103e5475d92778ab7407
2026-09-05 23:52:23,Jump Trading,0xf584f8728b874a6a5c7a8d4d387c9aae9172d621,transfer_out,UNI,0x1f9840a85d5af5bf1d1762f925bdaddc4201f984,936.00000000,6486.48,ETH,self,sent to 0x4de6…c5a7,6.93,422881.68,https://dexscreener.com/ethereum/0xfaa318479b7755b2dbfdd34dc306cb28b420ad12,0x434c67461df068be99e489c5762b6ec425c8aaaea1af4e49be48f3915a683779
2026-09-06 00:04:11,Jump Trading,0xf584f8728b874a6a5c7a8d4d387c9aae9172d621,transfer_in,USDC,0xa0b86991c6218b36c1d19d4a2e9eb0ce3606eb48,195319.00000000,195315.09,ETH,external,from 0x7830…6f43,0.99998,884010.98,https://dexscreener.com/ethereum/0x0fb0e40cec3bb23e13abc585958a93c796fbea56955e19a23727a716a0423239,0x4fe9da84c8b5c2b95359b0d68343528cfac8b728fa359c0c79a1efaec63fe7d3
2026-09-06 00:08:59,Jump Trading,0xf584f8728b874a6a5c7a8d4d387c9aae9172d621,transfer_out,USDT,0xdac17f958d2ee523a2206206994597c13d831ec7,112236.75000000,112236.75,ETH,self,sent to 0xd6b3…9326,1.0,867.28,https://dexscreener.com/ethereum/0xef3a1cae64848f9eb25022de4dcb77b40affe419-0xdac17f958d2ee523a2206206994597c13d831ec7-0xa0b86991c6218b36c1d19d4a2e9eb0ce3606eb48,0x7007da9d616b6155b1541c6027e062569ed4bc357d017a80dbdf12d836b21844
2026-09-06 00:36:59,Jump Trading,0xf584f8728b874a6a5c7a8d4d387c9aae9172d621,transfer_out,USDT,0xdac17f958d2ee523a2206206994597c13d831ec7,1000000.00000000,1000000.00,ETH,self,sent to 0xc7d3…e668,1.0,867.28,https://dexscreener.com/ethereum/0xef3a1cae64848f9eb25022de4dcb77b40affe419-0xdac17f958d2ee523a2206206994597c13d831ec7-0xa0b86991c6218b36c1d19d4a2e9eb0ce3606eb48,0x74d9a1e892b4aa1204d4810d4349687e169f51bac6b130bfc341e5cf56bddb26
2026-09-06 00:49:35,Jump Trading,0xf584f8728b874a6a5c7a8d4d387c9aae9172d621,transfer_in,USDT,0xdac17f958d2ee523a2206206994597c13d831ec7,74405.61000000,74405.61,ETH,external,from 0x18e2…82f6,1.0,867.28,https://dexscreener.com/ethereum/0xef3a1cae64848f9eb25022de4dcb77b40affe419-0xdac17f958d2ee523a2206206994597c13d831ec7-0xa0b86991c6218b36c1d19d4a2e9eb0ce3606eb48,0xd742c99645db9584655618761f4fef6852fd5d62d48a87422bdd5128364ee6d0
2026-09-06 00:57:35,Jump Trading,0xf584f8728b874a6a5c7a8d4d387c9aae9172d621,transfer_in,USD1,0x8d0d000ee44948fc98c9b98a4fa4921476f08b0d,5035.00000000,5032.78,ETH,external,from 0xf89d…aa40,0.999559,287712.35,https://dexscreener.com/ethereum/0x185a1ff695d30a22c19f44c6b41e2d6d1c8c1f11,0x334664246234076cc6cbfe91785ff0b5ebf20eafc16f49d1e648e687ad9be59a
2026-09-06 01:04:35,Jump Trading,0xf584f8728b874a6a5c7a8d4d387c9aae9172d621,transfer_in,USDT,0xdac17f958d2ee523a2206206994597c13d831ec7,241642.07000000,241642.07,ETH,external,from 0x18e2…82f6,1.0,867.28,https://dexscreener.com/ethereum/0xef3a1cae64848f9eb25022de4dcb77b40affe419-0xdac17f958d2ee523a2206206994597c13d831ec7-0xa0b86991c6218b36c1d19d4a2e9eb0ce3606eb48,0x9f68ae6e74aa528995d417dd9d93e12571de2f389970b40580781d50fc432f4a
2026-09-06 01:11:11,Jump Trading,0xf584f8728b874a6a5c7a8d4d387c9aae9172d621,transfer_in,USD1,0x8d0d000ee44948fc98c9b98a4fa4921476f08b0d,14809.00000000,14802.47,ETH,external,from 0xf89d…aa40,0.999559,287712.35,https://dexscreener.com/ethereum/0x185a1ff695d30a22c19f44c6b41e2d6d1c8c1f11,0x3d0f840b42e128b35b487cfab86155efff295e181f4dd086081be0338032bfc1
2026-09-06 01:23:11,Jump Trading,0xf584f8728b874a6a5c7a8d4d387c9aae9172d621,transfer_out,USDT,0xdac17f958d2ee523a2206206994597c13d831ec7,160840.40000000,160840.40,ETH,self,sent to 0xd6b3…9326,1.0,867.28,https://dexscreener.com/ethereum/0xef3a1cae64848f9eb25022de4dcb77b40affe419-0xdac17f958d2ee523a2206206994597c13d831ec7-0xa0b86991c6218b36c1d19d4a2e9eb0ce3606eb48,0xea3057491661c6a721e167aa89bec479faadfac5b6dfaa86c6368783850dc4f1
2026-09-06 01:34:59,Jump Trading,0xf584f8728b874a6a5c7a8d4d387c9aae9172d621,transfer_in,USD1,0x8d0d000ee44948fc98c9b98a4fa4921476f08b0d,8132.00000000,8128.41,ETH,external,from 0xf89d…aa40,0.999559,287712.35,https://dexscreener.com/ethereum/0x185a1ff695d30a22c19f44c6b41e2d6d1c8c1f11,0xc7ea0ce01a2fd70f8c9080cfc31c8a908a15d1d334db9cc74f63ca51ab03259e
2026-09-06 01:35:47,Jump Trading,0xf584f8728b874a6a5c7a8d4d387c9aae9172d621,transfer_out,USDT,0xdac17f958d2ee523a2206206994597c13d831ec7,806472.65000000,806472.65,ETH,self,sent to 0xd6b3…9326,1.0,867.28,https://dexscreener.com/ethereum/0xef3a1cae64848f9eb25022de4dcb77b40affe419-0xdac17f958d2ee523a2206206994597c13d831ec7-0xa0b86991c6218b36c1d19d4a2e9eb0ce3606eb48,0x797aeffe0c785eaef75e5f4e18272e873738c2ce36ceec060c33f2bbdbaab2a3
2026-09-06 01:52:47,Jump Trading,0xf584f8728b874a6a5c7a8d4d387c9aae9172d621,transfer_out,USDT,0xdac17f958d2ee523a2206206994597c13d831ec7,652740.02000000,652740.02,ETH,self,sent to 0xd6b3…9326,1.0,867.28,https://dexscreener.com/ethereum/0xef3a1cae64848f9eb25022de4dcb77b40affe419-0xdac17f958d2ee523a2206206994597c13d831ec7-0xa0b86991c6218b36c1d19d4a2e9eb0ce3606eb48,0x7d1eb9b2b65bb4a8a4cd6e32ad486cebb9860e663aa38cf33eabee4887074cd4
2026-09-06 01:54:35,Jump Trading,0xf584f8728b874a6a5c7a8d4d387c9aae9172d621,transfer_out,USDT,0xdac17f958d2ee523a2206206994597c13d831ec7,26994.08000000,26994.08,ETH,self,sent to 0x30f2…8940,1.0,867.28,https://dexscreener.com/ethereum/0xef3a1cae64848f9eb25022de4dcb77b40affe419-0xdac17f958d2ee523a2206206994597c13d831ec7-0xa0b86991c6218b36c1d19d4a2e9eb0ce3606eb48,0x024383691d1d86b163b994ec5a0ad35b0213279995209c7b288670f2f81e4f04
2026-09-06 02:05:11,Jump Trading,0xf584f8728b874a6a5c7a8d4d387c9aae9172d621,transfer_in,USDT,0xdac17f958d2ee523a2206206994597c13d831ec7,50409.72000000,50409.72,ETH,external,from 0x4634…9758,1.0,867.28,https://dexscreener.com/ethereum/0xef3a1cae64848f9eb25022de4dcb77b40affe419-0xdac17f958d2ee523a2206206994597c13d831ec7-0xa0b86991c6218b36c1d19d4a2e9eb0ce3606eb48,0x23fc1e257e3930bb31289557990c088c2a4622aa29587dcb29e01c90ec41fdbd
2026-09-06 02:05:11,Jump Trading,0xf584f8728b874a6a5c7a8d4d387c9aae9172d621,transfer_in,USDC,0xa0b86991c6218b36c1d19d4a2e9eb0ce3606eb48,169424.00000000,169420.61,ETH,external,from 0x4634…9758,0.99998,884010.98,https://dexscreener.com/ethereum/0x0fb0e40cec3bb23e13abc585958a93c796fbea56955e19a23727a716a0423239,0x51994a9c83d475eae45f6f66f9c460810d13f6c1276934ed540d905af7382e88
2026-09-06 02:06:23,Jump Trading,0xf584f8728b874a6a5c7a8d4d387c9aae9172d621,transfer_out,USDT,0xdac17f958d2ee523a2206206994597c13d831ec7,510948.84000000,510948.84,ETH,self,sent to 0xd6b3…9326,1.0,867.28,https://dexscreener.com/ethereum/0xef3a1cae64848f9eb25022de4dcb77b40affe419-0xdac17f958d2ee523a2206206994597c13d831ec7-0xa0b86991c6218b36c1d19d4a2e9eb0ce3606eb48,0xe86068b52d7ba5a576e2586a4d62c377fed3940d6dca6dd752b04d0b174e6b08
2026-09-06 02:37:35,Jump Trading,0xf584f8728b874a6a5c7a8d4d387c9aae9172d621,transfer_in,USD1,0x8d0d000ee44948fc98c9b98a4fa4921476f08b0d,7616.00000000,7612.64,ETH,external,from 0xf89d…aa40,0.999559,287712.35,https://dexscreener.com/ethereum/0x185a1ff695d30a22c19f44c6b41e2d6d1c8c1f11,0x1c9009f74953db30a1a98e58ae76fdea1a7a3abfc2e735cebd5f864fc4a257c4
2026-09-06 02:38:47,Jump Trading,0xf584f8728b874a6a5c7a8d4d387c9aae9172d621,transfer_in,USDT,0xdac17f958d2ee523a2206206994597c13d831ec7,101771.75000000,101771.75,ETH,external,from 0x1ab4…8f23,1.0,867.28,https://dexscreener.com/ethereum/0xef3a1cae64848f9eb25022de4dcb77b40affe419-0xdac17f958d2ee523a2206206994597c13d831ec7-0xa0b86991c6218b36c1d19d4a2e9eb0ce3606eb48,0x34af75496aacc38b95673924bf984bcfdd0fd85989689830548108c01156e65a
2026-09-06 02:56:23,Jump Trading,0xf584f8728b874a6a5c7a8d4d387c9aae9172d621,transfer_out,USDT,0xdac17f958d2ee523a2206206994597c13d831ec7,46978.36000000,46978.36,ETH,self,sent to 0xd6b3…9326,1.0,867.28,https://dexscreener.com/ethereum/0xef3a1cae64848f9eb25022de4dcb77b40affe419-0xdac17f958d2ee523a2206206994597c13d831ec7-0xa0b86991c6218b36c1d19d4a2e9eb0ce3606eb48,0xf547c2eeef7ff5002b9ad5046757c2bf4366d2ad4adc282fa749f0c11db10907
2026-09-06 02:56:59,Jump Trading,0xf584f8728b874a6a5c7a8d4d387c9aae9172d621,transfer_in,USDT,0xdac17f958d2ee523a2206206994597c13d831ec7,204142.23000000,204142.23,ETH,external,from 0x1ab4…8f23,1.0,867.28,https://dexscreener.com/ethereum/0xef3a1cae64848f9eb25022de4dcb77b40affe419-0xdac17f958d2ee523a2206206994597c13d831ec7-0xa0b86991c6218b36c1d19d4a2e9eb0ce3606eb48,0xa2b0220801486793fbf61f07971a57eee778b0183a84c84db1e5577394202418
2026-09-06 03:07:47,Jump Trading,0xf584f8728b874a6a5c7a8d4d387c9aae9172d621,transfer_out,USDT,0xdac17f958d2ee523a2206206994597c13d831ec7,63308.81000000,63308.81,ETH,self,sent to 0x30f2…8940,1.0,867.28,https://dexscreener.com/ethereum/0xef3a1cae64848f9eb25022de4dcb77b40affe419-0xdac17f958d2ee523a2206206994597c13d831ec7-0xa0b86991c6218b36c1d19d4a2e9eb0ce3606eb48,0x270e8081e5ab3dd97a5358c52d68ac124b215cef93d129f9c9dbcbd106ff5504
2026-09-06 03:09:11,Jump Trading,0xf584f8728b874a6a5c7a8d4d387c9aae9172d621,transfer_out,USDT,0xdac17f958d2ee523a2206206994597c13d831ec7,234034.80000000,234034.80,ETH,self,sent to 0xd6b3…9326,1.0,867.28,https://dexscreener.com/ethereum/0xef3a1cae64848f9eb25022de4dcb77b40affe419-0xdac17f958d2ee523a2206206994597c13d831ec7-0xa0b86991c6218b36c1d19d4a2e9eb0ce3606eb48,0x9036b5c5378647c707fea293b34ce23c7b1a304fe07d1751dc71b33cab8ec7d9
2026-09-06 03:27:59,Jump Trading,0xf584f8728b874a6a5c7a8d4d387c9aae9172d621,transfer_in,USDT,0xdac17f958d2ee523a2206206994597c13d831ec7,182683.41000000,182683.41,ETH,external,from 0x1ab4…8f23,1.0,867.28,https://dexscreener.com/ethereum/0xef3a1cae64848f9eb25022de4dcb77b40affe419-0xdac17f958d2ee523a2206206994597c13d831ec7-0xa0b86991c6218b36c1d19d4a2e9eb0ce3606eb48,0x6e67711f86291ce14eac9df7bb1d809ba51f0ba7fb41de696ec86e6ea897b53f
2026-09-06 03:29:11,Jump Trading,0xf584f8728b874a6a5c7a8d4d387c9aae9172d621,transfer_out,USDT,0xdac17f958d2ee523a2206206994597c13d831ec7,51413.46000000,51413.46,ETH,self,sent to 0xd6b3…9326,1.0,867.28,https://dexscreener.com/ethereum/0xef3a1cae64848f9eb25022de4dcb77b40affe419-0xdac17f958d2ee523a2206206994597c13d831ec7-0xa0b86991c6218b36c1d19d4a2e9eb0ce3606eb48,0x5ab661d5103d9a000ea061727790c7173189aefdd0df9a6b974003a83a688c5b
2026-09-06 03:36:35,Jump Trading,0xf584f8728b874a6a5c7a8d4d387c9aae9172d621,transfer_out,USDT,0xdac17f958d2ee523a2206206994597c13d831ec7,231443.38000000,231443.38,ETH,self,sent to 0xd6b3…9326,1.0,867.28,https://dexscreener.com/ethereum/0xef3a1cae64848f9eb25022de4dcb77b40affe419-0xdac17f958d2ee523a2206206994597c13d831ec7-0xa0b86991c6218b36c1d19d4a2e9eb0ce3606eb48,0xcab7c276af4a1b67006c171dd18229244121ecd1c07f4c87ffecc2caa391542d
2026-09-06 03:50:59,Jump Trading,0xf584f8728b874a6a5c7a8d4d387c9aae9172d621,transfer_in,UNI,0x1f9840a85d5af5bf1d1762f925bdaddc4201f984,827.90000000,5737.35,ETH,external,from 0x28c6…1d60,6.93,422881.68,https://dexscreener.com/ethereum/0xfaa318479b7755b2dbfdd34dc306cb28b420ad12,0x7a96f5de58ea446a973a08d827353c4f39e318ace3b8705f14254ce362c7c4e5
2026-09-06 03:51:23,Jump Trading,0xf584f8728b874a6a5c7a8d4d387c9aae9172d621,transfer_in,USDT,0xdac17f958d2ee523a2206206994597c13d831ec7,56382.23000000,56382.23,ETH,external,from 0x18e2…82f6,1.0,867.28,https://dexscreener.com/ethereum/0xef3a1cae64848f9eb25022de4dcb77b40affe419-0xdac17f958d2ee523a2206206994597c13d831ec7-0xa0b86991c6218b36c1d19d4a2e9eb0ce3606eb48,0x32964f64cf18767e1d2312399c35135d398d8cc1e53487a0e43e6e1e4bc6ac72
2026-09-06 03:52:11,Jump Trading,0xf584f8728b874a6a5c7a8d4d387c9aae9172d621,transfer_in,USDT,0xdac17f958d2ee523a2206206994597c13d831ec7,171965.00000000,171965.00,ETH,external,from 0x1ab4…8f23,1.0,867.28,https://dexscreener.com/ethereum/0xef3a1cae64848f9eb25022de4dcb77b40affe419-0xdac17f958d2ee523a2206206994597c13d831ec7-0xa0b86991c6218b36c1d19d4a2e9eb0ce3606eb48,0x951d25dc67683f9f53f7ac59229015acdef0e44d847007ae99598cfe2754f814
2026-09-06 03:53:11,Jump Trading,0xf584f8728b874a6a5c7a8d4d387c9aae9172d621,transfer_out,USDT,0xdac17f958d2ee523a2206206994597c13d831ec7,648444.09000000,648444.09,ETH,self,sent to 0xd6b3…9326,1.0,867.28,https://dexscreener.com/ethereum/0xef3a1cae64848f9eb25022de4dcb77b40affe419-0xdac17f958d2ee523a2206206994597c13d831ec7-0xa0b86991c6218b36c1d19d4a2e9eb0ce3606eb48,0x21bf5ff42e1331b552f9693681c89c6ed6ac998ae1888d7ea39e2b1d2eeb7fb7
2026-09-06 04:05:23,Jump Trading,0xf584f8728b874a6a5c7a8d4d387c9aae9172d621,transfer_in,USD1,0x8d0d000ee44948fc98c9b98a4fa4921476f08b0d,11214.00000000,11209.05,ETH,external,from 0xf89d…aa40,0.999559,287712.35,https://dexscreener.com/ethereum/0x185a1ff695d30a22c19f44c6b41e2d6d1c8c1f11,0x616f077bba4a587f73d6fa2e6bbbb542233d853badb6279241b584687f59c56e
2026-09-06 04:08:59,Jump Trading,0xf584f8728b874a6a5c7a8d4d387c9aae9172d621,transfer_out,UNI,0x1f9840a85d5af5bf1d1762f925bdaddc4201f984,828.00000000,5738.04,ETH,self,sent to 0x4de6…c5a7,6.93,422881.68,https://dexscreener.com/ethereum/0xfaa318479b7755b2dbfdd34dc306cb28b420ad12,0x8295084311d1417eb7f4b9b40fe5020eaf8f661e87f40bd54e2444949d0ea72b
2026-09-06 04:10:23,Jump Trading,0xf584f8728b874a6a5c7a8d4d387c9aae9172d621,transfer_out,USDT,0xdac17f958d2ee523a2206206994597c13d831ec7,80645.14000000,80645.14,ETH,self,sent to 0xd6b3…9326,1.0,867.28,https://dexscreener.com/ethereum/0xef3a1cae64848f9eb25022de4dcb77b40affe419-0xdac17f958d2ee523a2206206994597c13d831ec7-0xa0b86991c6218b36c1d19d4a2e9eb0ce3606eb48,0x4bab741caab13b2b4409b6f78a04ad60a487b7a9d10d30d815f48c65028ee664
2026-09-06 04:36:35,Jump Trading,0xf584f8728b874a6a5c7a8d4d387c9aae9172d621,transfer_in,USDT,0xdac17f958d2ee523a2206206994597c13d831ec7,354559.97000000,354559.97,ETH,external,from 0x1ab4…8f23,1.0,867.28,https://dexscreener.com/ethereum/0xef3a1cae64848f9eb25022de4dcb77b40affe419-0xdac17f958d2ee523a2206206994597c13d831ec7-0xa0b86991c6218b36c1d19d4a2e9eb0ce3606eb48,0xad3139d1e751031f0b1c927154d0d3da4dd6f7a247c41f7d17618b83cc4bc39d
2026-09-06 04:36:59,Jump Trading,0xf584f8728b874a6a5c7a8d4d387c9aae9172d621,transfer_out,USDT,0xdac17f958d2ee523a2206206994597c13d831ec7,285252.55000000,285252.55,ETH,self,sent to 0xd6b3…9326,1.0,867.28,https://dexscreener.com/ethereum/0xef3a1cae64848f9eb25022de4dcb77b40affe419-0xdac17f958d2ee523a2206206994597c13d831ec7-0xa0b86991c6218b36c1d19d4a2e9eb0ce3606eb48,0xebf049b1e51d1f877b5981b4224f80eae610659c62ae4a58b1b8482d5f847a62
2026-09-06 04:38:23,Jump Trading,0xf584f8728b874a6a5c7a8d4d387c9aae9172d621,transfer_out,KAIO,0x00bac91fd8f5b4a0dc03c8021139b76f6549ee7e,404798.00000000,7646.63,ETH,self,sent to 0xc7d3…e668,0.01889,646.9,https://dexscreener.com/ethereum/0x7d0e14bd9a358399d3cf6e6bb5f0e55e64db2442bd060275310e2f76504816fc,0x09796855f180725e3faf3d0f43326f60532fdb4972262a725cba532584a6f446
2026-09-06 04:51:35,Jump Trading,0xf584f8728b874a6a5c7a8d4d387c9aae9172d621,transfer_in,KAIO,0x00bac91fd8f5b4a0dc03c8021139b76f6549ee7e,305052.99000000,5762.45,ETH,external,from 0x0d07…92fe,0.01889,646.9,https://dexscreener.com/ethereum/0x7d0e14bd9a358399d3cf6e6bb5f0e55e64db2442bd060275310e2f76504816fc,0x87d6395b4891d813b7e3d7957a412c2f77273c2fafe32c2cb29ba8cfe066b8e8
2026-09-06 04:51:47,Jump Trading,0xf584f8728b874a6a5c7a8d4d387c9aae9172d621,transfer_out,LIT,0x232ce3bd40fcd6f80f3d55a522d03f25df784ee2,4047.00000000,18616.20,ETH,self,sent to 0x76ec…66ed,4.6,1042557.84,https://dexscreener.com/ethereum/0x8366b1dde4de12c8806985fbb599d408d92d01a6faf2e478cc6bb76189cc00f1,0x71a7ba4ae0cc6fcdbd2b363ad3a896add067a0baf531fb9fa643d1d74630973d
2026-09-06 04:53:35,Jump Trading,0xf584f8728b874a6a5c7a8d4d387c9aae9172d621,transfer_out,USDT,0xdac17f958d2ee523a2206206994597c13d831ec7,127994.65000000,127994.65,ETH,self,sent to 0xd6b3…9326,1.0,867.28,https://dexscreener.com/ethereum/0xef3a1cae64848f9eb25022de4dcb77b40affe419-0xdac17f958d2ee523a2206206994597c13d831ec7-0xa0b86991c6218b36c1d19d4a2e9eb0ce3606eb48,0x1971519bd1854a02ca2f174e429a6c314a8c2fa8dde16cbdf07ab66c2ce0f65a
2026-09-06 05:07:35,Jump Trading,0xf584f8728b874a6a5c7a8d4d387c9aae9172d621,transfer_out,USDT,0xdac17f958d2ee523a2206206994597c13d831ec7,46544.11000000,46544.11,ETH,self,sent to 0xd6b3…9326,1.0,867.28,https://dexscreener.com/ethereum/0xef3a1cae64848f9eb25022de4dcb77b40affe419-0xdac17f958d2ee523a2206206994597c13d831ec7-0xa0b86991c6218b36c1d19d4a2e9eb0ce3606eb48,0x57d5132b59ffe09a76b2c9d39e737e13bea17cb2d50b667ea19caadc44ea266c
2026-09-06 05:26:23,Jump Trading,0xf584f8728b874a6a5c7a8d4d387c9aae9172d621,transfer_out,USDT,0xdac17f958d2ee523a2206206994597c13d831ec7,181323.05000000,181323.05,ETH,self,sent to 0xd6b3…9326,1.0,867.28,https://dexscreener.com/ethereum/0xef3a1cae64848f9eb25022de4dcb77b40affe419-0xdac17f958d2ee523a2206206994597c13d831ec7-0xa0b86991c6218b36c1d19d4a2e9eb0ce3606eb48,0x1f5cfd3b967079aa9fd51bfd6ff3aa2a0dc8ea6fb4d3abe44b3ddabf8d286f22
2026-09-06 05:42:11,Jump Trading,0xf584f8728b874a6a5c7a8d4d387c9aae9172d621,transfer_in,USDC,0xa0b86991c6218b36c1d19d4a2e9eb0ce3606eb48,37384.97000000,37384.22,ETH,external,from 0x0d07…92fe,0.99998,884010.98,https://dexscreener.com/ethereum/0x0fb0e40cec3bb23e13abc585958a93c796fbea56955e19a23727a716a0423239,0xf83dee0fbd327cde56aa59203b39a3072afdc1be169bc62e7a9f1705b8014103
2026-09-06 05:42:59,Jump Trading,0xf584f8728b874a6a5c7a8d4d387c9aae9172d621,transfer_in,USDT,0xdac17f958d2ee523a2206206994597c13d831ec7,511928.42000000,511928.42,ETH,external,from 0x1ab4…8f23,1.0,867.28,https://dexscreener.com/ethereum/0xef3a1cae64848f9eb25022de4dcb77b40affe419-0xdac17f958d2ee523a2206206994597c13d831ec7-0xa0b86991c6218b36c1d19d4a2e9eb0ce3606eb48,0xdc0768e6ac67d0ccbacc343e69b34a676f5b5890551366f179da7946789c3ab2
2026-09-06 05:45:11,Jump Trading,0xf584f8728b874a6a5c7a8d4d387c9aae9172d621,transfer_out,USDT,0xdac17f958d2ee523a2206206994597c13d831ec7,271098.27000000,271098.27,ETH,self,sent to 0xd6b3…9326,1.0,867.28,https://dexscreener.com/ethereum/0xef3a1cae64848f9eb25022de4dcb77b40affe419-0xdac17f958d2ee523a2206206994597c13d831ec7-0xa0b86991c6218b36c1d19d4a2e9eb0ce3606eb48,0x809be3062e94a1d526678e7ec1286c67ecd6eb9e3bf39ef9179a6efe9ad6a34f
2026-09-06 05:50:23,Jump Trading,0xf584f8728b874a6a5c7a8d4d387c9aae9172d621,transfer_in,USDT,0xdac17f958d2ee523a2206206994597c13d831ec7,963331.56000000,963331.56,ETH,external,from 0x1ab4…8f23,1.0,867.28,https://dexscreener.com/ethereum/0xef3a1cae64848f9eb25022de4dcb77b40affe419-0xdac17f958d2ee523a2206206994597c13d831ec7-0xa0b86991c6218b36c1d19d4a2e9eb0ce3606eb48,0xd184217126e75af1dd5e9f5baa8a200bd8cd929c9ec06c96c64d577a118f7880
2026-09-06 05:53:59,Jump Trading,0xf584f8728b874a6a5c7a8d4d387c9aae9172d621,transfer_out,USDT,0xdac17f958d2ee523a2206206994597c13d831ec7,657388.25000000,657388.25,ETH,self,sent to 0xd6b3…9326,1.0,867.28,https://dexscreener.com/ethereum/0xef3a1cae64848f9eb25022de4dcb77b40affe419-0xdac17f958d2ee523a2206206994597c13d831ec7-0xa0b86991c6218b36c1d19d4a2e9eb0ce3606eb48,0x025dd380650624aedabab0c8c8afc441acf74b5a57fc5da33c91ecd3e6aefe0d
2026-09-06 06:05:23,Jump Trading,0xf584f8728b874a6a5c7a8d4d387c9aae9172d621,transfer_out,USDT,0xdac17f958d2ee523a2206206994597c13d831ec7,31731.59000000,31731.59,ETH,self,sent to 0x30f2…8940,1.0,867.28,https://dexscreener.com/ethereum/0xef3a1cae64848f9eb25022de4dcb77b40affe419-0xdac17f958d2ee523a2206206994597c13d831ec7-0xa0b86991c6218b36c1d19d4a2e9eb0ce3606eb48,0xef03648ef03e6b2ede9f9a6354173b6d3b476dff2ac9d08ca6c1e2dece37cd76
2026-09-06 06:11:59,Jump Trading,0xf584f8728b874a6a5c7a8d4d387c9aae9172d621,transfer_in,LIT,0x232ce3bd40fcd6f80f3d55a522d03f25df784ee2,3092.92500000,14227.45,ETH,external,from 0x4a4a…068d,4.6,1042557.84,https://dexscreener.com/ethereum/0x8366b1dde4de12c8806985fbb599d408d92d01a6faf2e478cc6bb76189cc00f1,0xee6d8c3000349eae420002cc172adab4b5f5d2e609d0a5d58a462964b0826cb1
2026-09-06 06:41:59,Jump Trading,0xf584f8728b874a6a5c7a8d4d387c9aae9172d621,transfer_out,USDT,0xdac17f958d2ee523a2206206994597c13d831ec7,119918.29000000,119918.29,ETH,self,sent to 0xd6b3…9326,1.0,867.28,https://dexscreener.com/ethereum/0xef3a1cae64848f9eb25022de4dcb77b40affe419-0xdac17f958d2ee523a2206206994597c13d831ec7-0xa0b86991c6218b36c1d19d4a2e9eb0ce3606eb48,0x2beb42ec5004763e9cce41dc8c5ffb6aa71f6bee8605822418c283b3afc47e52
2026-09-06 07:07:59,Jump Trading,0xf584f8728b874a6a5c7a8d4d387c9aae9172d621,transfer_out,USDT,0xdac17f958d2ee523a2206206994597c13d831ec7,17185.43000000,17185.43,ETH,self,sent to 0x30f2…8940,1.0,867.28,https://dexscreener.com/ethereum/0xef3a1cae64848f9eb25022de4dcb77b40affe419-0xdac17f958d2ee523a2206206994597c13d831ec7-0xa0b86991c6218b36c1d19d4a2e9eb0ce3606eb48,0xe38541a746385e40347e3865ede90218577ced675850c1fe1206a550bbfaaf92
2026-09-06 07:09:35,Jump Trading,0xf584f8728b874a6a5c7a8d4d387c9aae9172d621,transfer_out,USDT,0xdac17f958d2ee523a2206206994597c13d831ec7,51635.13000000,51635.13,ETH,self,sent to 0xd6b3…9326,1.0,867.28,https://dexscreener.com/ethereum/0xef3a1cae64848f9eb25022de4dcb77b40affe419-0xdac17f958d2ee523a2206206994597c13d831ec7-0xa0b86991c6218b36c1d19d4a2e9eb0ce3606eb48,0xb4f57d9e03916f8c09fd318167cd22a25fd264825d6d686fbf666c240e553937
2026-09-06 07:19:59,Jump Trading,0xf584f8728b874a6a5c7a8d4d387c9aae9172d621,transfer_in,USD1,0x8d0d000ee44948fc98c9b98a4fa4921476f08b0d,5383.00000000,5380.63,ETH,external,from 0xf89d…aa40,0.999559,287712.35,https://dexscreener.com/ethereum/0x185a1ff695d30a22c19f44c6b41e2d6d1c8c1f11,0xd066985ef780887868fd26fd6b22df20856a0cf8970d8d1eda7273a814c39a62
2026-09-06 07:21:59,Jump Trading,0xf584f8728b874a6a5c7a8d4d387c9aae9172d621,transfer_out,ATH,0xbe0ed4138121ecfc5c0e56b40517da27e6c5226b,1131971.00000000,5366.67,ETH,self,sent to 0x76ec…66ed,0.004741,311448.12,https://dexscreener.com/ethereum/0xd31d41dffa3589bb0c0183e46a1eed983a5e5978,0xe22c32a9804898905c466f015ac247c63853bf1082f5fd44b25f6cc741e3aa02
2026-09-06 07:37:11,Jump Trading,0xf584f8728b874a6a5c7a8d4d387c9aae9172d621,transfer_in,USDT,0xdac17f958d2ee523a2206206994597c13d831ec7,1986525.31000000,1986525.31,ETH,external,from 0x1ab4…8f23,1.0,867.28,https://dexscreener.com/ethereum/0xef3a1cae64848f9eb25022de4dcb77b40affe419-0xdac17f958d2ee523a2206206994597c13d831ec7-0xa0b86991c6218b36c1d19d4a2e9eb0ce3606eb48,0x2d0e2accd0aa839a5844ee20d1a7db9852ca26a12bb97c1f9a024d96fddee39d
2026-09-06 08:10:23,Jump Trading,0xf584f8728b874a6a5c7a8d4d387c9aae9172d621,transfer_in,USDT,0xdac17f958d2ee523a2206206994597c13d831ec7,225075.81000000,225075.81,ETH,external,from 0x1ab4…8f23,1.0,867.28,https://dexscreener.com/ethereum/0xef3a1cae64848f9eb25022de4dcb77b40affe419-0xdac17f958d2ee523a2206206994597c13d831ec7-0xa0b86991c6218b36c1d19d4a2e9eb0ce3606eb48,0x0a2a0c0239c2b888f790b49617a1c7de42f2e098c0aa13b9eb8cf46493322712
2026-09-06 08:11:11,Jump Trading,0xf584f8728b874a6a5c7a8d4d387c9aae9172d621,transfer_in,WLFI,0xda5e1988097297dcdc1f90d4dfe7909e847cbef6,94018.16000000,5359.98,ETH,external,from 0x4a4a…068d,0.05701,1484740.27,https://dexscreener.com/ethereum/0x238f00fcfd4f0c5930028237c6a1b395f4c0fc74,0xcbfba7dfdd197e2eb49cb546fb8400a6149961f727c55207d1fed9e7ec7a6aae
2026-09-05 23:13:59,Arthur Hayes main (Maelstrom),0x6cd66dbdfe289ab83d7311b668ada83a12447e21,transfer_out,USDC,0xa0b86991c6218b36c1d19d4a2e9eb0ce3606eb48,250000.00000000,249995.00,ETH,self,sent to 0x58f3…ed8b,0.99998,884010.98,https://dexscreener.com/ethereum/0x0fb0e40cec3bb23e13abc585958a93c796fbea56955e19a23727a716a0423239,0x87176630bace12e289b4665916c1c549a03123356cdb59665efe490e1055ee35
2026-09-05 23:14:23,Arthur Hayes main (Maelstrom),0x6cd66dbdfe289ab83d7311b668ada83a12447e21,transfer_in,USDC,0xa0b86991c6218b36c1d19d4a2e9eb0ce3606eb48,0.00100000,0.00,ETH,external,from 0x58f3…ed8b,0.99998,884010.98,https://dexscreener.com/ethereum/0x0fb0e40cec3bb23e13abc585958a93c796fbea56955e19a23727a716a0423239,0x8926539e1832ad2306b45c3c1e1f6c46cb080767554f7e2c8b787fd119b3bcf8
2026-09-05 23:14:47,Arthur Hayes main (Maelstrom),0x6cd66dbdfe289ab83d7311b668ada83a12447e21,transfer_out,USDC,0xa3667a696dcfcf785accce9a409f655dabf25ee9,250000.00000000,,ETH,external,pulled by 0x80d0…52df,0.0,0,,0x2dfedcf6e72ae54522dfe0420060b10065ab1856e9d71acecc8f8f8aa77a430d
2026-09-05 23:15:23,Arthur Hayes main (Maelstrom),0x6cd66dbdfe289ab83d7311b668ada83a12447e21,transfer_out,USDC,0xa3667a696dcfcf785accce9a409f655dabf25ee9,250000.00000000,,ETH,external,pulled by 0x80d0…52df,0.0,0,,0xd43da85cd58a3b35eb852688ed0f6cc01b13956f3abc9281fc9b9f5e335c161f
2026-09-05 23:15:23,Arthur Hayes main (Maelstrom),0x6cd66dbdfe289ab83d7311b668ada83a12447e21,transfer_in,USDC,0xa0b86991c6218b36c1d19d4a2e9eb0ce3606eb48,0.00010000,0.00,ETH,Poisoner,from 0x59aa…e16b,0.99998,884010.98,https://dexscreener.com/ethereum/0x0fb0e40cec3bb23e13abc585958a93c796fbea56955e19a23727a716a0423239,0xfa7aeb0ca86246a7dce5397d4b463fe27fdd51d0891ea753c32ff14a23aa9e28
2026-09-05 23:16:23,Arthur Hayes main (Maelstrom),0x6cd66dbdfe289ab83d7311b668ada83a12447e21,transfer_in,USDC,0xa0b86991c6218b36c1d19d4a2e9eb0ce3606eb48,0.00002500,0.00,ETH,external,from 0x09cf…0c9d,0.99998,884010.98,https://dexscreener.com/ethereum/0x0fb0e40cec3bb23e13abc585958a93c796fbea56955e19a23727a716a0423239,0xa7a2f89aef92dec578c0db37e6089973b4f79f7c0abed73fe1d7836ad5a34e43
2026-09-05 23:16:59,Arthur Hayes main (Maelstrom),0x6cd66dbdfe289ab83d7311b668ada83a12447e21,transfer_out,USDC,0xa0b86991c6218b36c1d19d4a2e9eb0ce3606eb48,0.00000000,0.00,ETH,external,pulled by 0xd643…6908,0.99998,884010.98,https://dexscreener.com/ethereum/0x0fb0e40cec3bb23e13abc585958a93c796fbea56955e19a23727a716a0423239,0x0d7db0a8cb35db718bc12012d1dc603301b051b664e45b61dca62f4081b8cb50
2026-09-05 23:17:11,Arthur Hayes main (Maelstrom),0x6cd66dbdfe289ab83d7311b668ada83a12447e21,transfer_in,USDC,0xa0b86991c6218b36c1d19d4a2e9eb0ce3606eb48,0.00010000,0.00,ETH,Poisoner,from 0x59aa…e16b,0.99998,884010.98,https://dexscreener.com/ethereum/0x0fb0e40cec3bb23e13abc585958a93c796fbea56955e19a23727a716a0423239,0x3dadfc5e6225868524df6155173d4e431c31f89878f71acc2cb2297720dea57f
2026-09-05 23:17:11,Arthur Hayes main (Maelstrom),0x6cd66dbdfe289ab83d7311b668ada83a12447e21,transfer_in,USDC,0xa0b86991c6218b36c1d19d4a2e9eb0ce3606eb48,0.01000000,0.01,ETH,external,from 0x58f3…ed8b,0.99998,884010.98,https://dexscreener.com/ethereum/0x0fb0e40cec3bb23e13abc585958a93c796fbea56955e19a23727a716a0423239,0x85495a60730fdd442f7834ab9ac919885cae4fdebfac14e0561eb23dee59eb31
2026-09-05 23:17:35,Arthur Hayes main (Maelstrom),0x6cd66dbdfe289ab83d7311b668ada83a12447e21,transfer_out,USDC,0xa3667a696dcfcf785accce9a409f655dabf25ee9,250000.00000000,,ETH,external,pulled by 0x80d0…52df,0.0,0,,0x1ce6479ba8518e248553ddc91bf79066c568d3cc5635f64a6ebc2e70492397dd
2026-09-05 23:17:59,Arthur Hayes main (Maelstrom),0x6cd66dbdfe289ab83d7311b668ada83a12447e21,transfer_in,USDC,0xa0b86991c6218b36c1d19d4a2e9eb0ce3606eb48,0.00010000,0.00,ETH,Poisoner,from 0x59aa…e16b,0.99998,884010.98,https://dexscreener.com/ethereum/0x0fb0e40cec3bb23e13abc585958a93c796fbea56955e19a23727a716a0423239,0xf568e417978600163f72914b77395a2f218c5674a9391ac639252d369a8ed482
2026-09-05 23:19:47,Arthur Hayes main (Maelstrom),0x6cd66dbdfe289ab83d7311b668ada83a12447e21,transfer_in,UNI,0x1f9840a85d5af5bf1d1762f925bdaddc4201f984,244406.00000000,1693733.58,ETH,external,from 0x7391…a2a6,6.93,422881.68,https://dexscreener.com/ethereum/0xfaa318479b7755b2dbfdd34dc306cb28b420ad12,0x800b174d57c51524566361b1c3b4257b3e851d0f04a9950d276a6a52e4733fc4
2026-09-05 23:20:23,Arthur Hayes main (Maelstrom),0x6cd66dbdfe289ab83d7311b668ada83a12447e21,transfer_out,USDC,0xa0b86991c6218b36c1d19d4a2e9eb0ce3606eb48,0.00000000,0.00,ETH,external,pulled by 0xe50f…2171,0.99998,884010.98,https://dexscreener.com/ethereum/0x0fb0e40cec3bb23e13abc585958a93c796fbea56955e19a23727a716a0423239,0xed954e6c948f8cf9d39f2ff5ee35cadacfd887c77a0bae0b23384c681b543049
2026-09-05 23:21:11,Arthur Hayes main (Maelstrom),0x6cd66dbdfe289ab83d7311b668ada83a12447e21,transfer_out,USDC,0xa3667a696dcfcf785accce9a409f655dabf25ee9,250000.00000000,,ETH,external,pulled by 0x80d0…52df,0.0,0,,0x1fab5aba9be44d47a0334e36f5083574b1fe7f728ed65758134091f0f8cb046a
2026-09-05 23:22:35,Arthur Hayes main (Maelstrom),0x6cd66dbdfe289ab83d7311b668ada83a12447e21,transfer_out,USDC,0xa0b86991c6218b36c1d19d4a2e9eb0ce3606eb48,0.00000000,0.00,ETH,external,pulled by 0xd643…6908,0.99998,884010.98,https://dexscreener.com/ethereum/0x0fb0e40cec3bb23e13abc585958a93c796fbea56955e19a23727a716a0423239,0x741f6944d890b2a949c6294fd39ed1416ae9b212557fb4b65d4fc7a333c99f01
2026-09-05 23:23:23,Arthur Hayes main (Maelstrom),0x6cd66dbdfe289ab83d7311b668ada83a12447e21,transfer_out,USDC,0xa3667a696dcfcf785accce9a409f655dabf25ee9,250000.00000000,,ETH,external,pulled by 0x80d0…52df,0.0,0,,0x9aa9ec541e13ec8252b5eb9827b773f845fe76ee497a550a7b735682eeac895d
2026-09-05 23:31:59,Arthur Hayes main (Maelstrom),0x6cd66dbdfe289ab83d7311b668ada83a12447e21,transfer_in,USDC,0xa0b86991c6218b36c1d19d4a2e9eb0ce3606eb48,0.00025000,0.00,ETH,external,from 0x4588…1548,0.99998,884010.98,https://dexscreener.com/ethereum/0x0fb0e40cec3bb23e13abc585958a93c796fbea56955e19a23727a716a0423239,0x1525372393ac354aaf466539acf6d1b84c684a56b5573e2be095477364faf0ea
2026-09-05 23:31:59,Arthur Hayes main (Maelstrom),0x6cd66dbdfe289ab83d7311b668ada83a12447e21,transfer_out,USDC,0xa0b86991c6218b36c1d19d4a2e9eb0ce3606eb48,0.00000000,0.00,ETH,external,pulled by 0x0124…6641,0.99998,884010.98,https://dexscreener.com/ethereum/0x0fb0e40cec3bb23e13abc585958a93c796fbea56955e19a23727a716a0423239,0xbb8a29aaadd703f8ae15d4d9b7a073a4acaa32a1d400dc31fbd4d82d46556e2d
2026-09-05 23:32:35,Arthur Hayes main (Maelstrom),0x6cd66dbdfe289ab83d7311b668ada83a12447e21,transfer_out,USDC,0xa3667a696dcfcf785accce9a409f655dabf25ee9,250000.00000000,,ETH,external,pulled by 0x80d0…52df,0.0,0,,0x58b49f2731054a172220b44b210159afc224007699d70b019c348bd429e88b08
2026-09-05 23:32:35,Arthur Hayes main (Maelstrom),0x6cd66dbdfe289ab83d7311b668ada83a12447e21,transfer_in,USDC,0xa0b86991c6218b36c1d19d4a2e9eb0ce3606eb48,0.00010000,0.00,ETH,Poisoner,from 0x59aa…e16b,0.99998,884010.98,https://dexscreener.com/ethereum/0x0fb0e40cec3bb23e13abc585958a93c796fbea56955e19a23727a716a0423239,0xb73807f8495683d8035583cd0e079e09d6ccca68d7c551f537f587c9d2c68715
2026-09-05 23:33:35,Arthur Hayes main (Maelstrom),0x6cd66dbdfe289ab83d7311b668ada83a12447e21,transfer_out,USDC,0xa3667a696dcfcf785accce9a409f655dabf25ee9,250000.00000000,,ETH,external,pulled by 0x80d0…52df,0.0,0,,0x236778edacb40c0bac978a485e1c003fd6e885f7c12cfc4fedbbe8ed6859bc32
2026-09-05 23:33:59,Arthur Hayes main (Maelstrom),0x6cd66dbdfe289ab83d7311b668ada83a12447e21,transfer_out,USDC,0xa0b86991c6218b36c1d19d4a2e9eb0ce3606eb48,0.00000000,0.00,ETH,external,pulled by 0xd643…6908,0.99998,884010.98,https://dexscreener.com/ethereum/0x0fb0e40cec3bb23e13abc585958a93c796fbea56955e19a23727a716a0423239,0x63aacf8666efda79e1f44ef48a090aea890001a5894233e2e8c5357a24535b0b
2026-09-05 23:34:35,Arthur Hayes main (Maelstrom),0x6cd66dbdfe289ab83d7311b668ada83a12447e21,transfer_out,USDC,0xa3667a696dcfcf785accce9a409f655dabf25ee9,250000.00000000,,ETH,external,pulled by 0x80d0…52df,0.0,0,,0xb4ed267e4bf4c246d0ef5eaba37711c679dc18db12ddc24228705d86942a0869
2026-09-05 23:53:59,Arthur Hayes main (Maelstrom),0x6cd66dbdfe289ab83d7311b668ada83a12447e21,transfer_out,USDC,0xa3667a696dcfcf785accce9a409f655dabf25ee9,250000.00000000,,ETH,external,pulled by 0x80d0…52df,0.0,0,,0x60effdbe5a0cb2b70d8ea867d024e21cd41dd19131f8b5c0203418c0ba004d86
2026-09-06 00:10:47,Arthur Hayes main (Maelstrom),0x6cd66dbdfe289ab83d7311b668ada83a12447e21,transfer_out,USDC,0xd4ecd9f1f1492f334c76c276cbeedc5162aff4ce,250000.00000000,,ETH,external,pulled by 0x80d0…52df,0.0,0,,0xb9e3c1ae962d38619634d6a2042768fcda532476e0f9123aa30e04861646df84
2026-09-06 00:27:59,Arthur Hayes main (Maelstrom),0x6cd66dbdfe289ab83d7311b668ada83a12447e21,transfer_out,USDC,0xd4ecd9f1f1492f334c76c276cbeedc5162aff4ce,250000.00000000,,ETH,external,pulled by 0x80d0…52df,0.0,0,,0xcfead4d5e75e30861d393243aecb39e94248aea586386a1599a5fafc2d7de58a
2026-09-06 05:02:35,Arthur Hayes main (Maelstrom),0x6cd66dbdfe289ab83d7311b668ada83a12447e21,transfer_in,USDC,0xa0b86991c6218b36c1d19d4a2e9eb0ce3606eb48,0.00025000,0.00,ETH,external,from 0x58c5…ed8b,0.99998,884010.98,https://dexscreener.com/ethereum/0x0fb0e40cec3bb23e13abc585958a93c796fbea56955e19a23727a716a0423239,0x03dc6220052dc4005a7fe062df74fbb9b10662a7d476f2f0bc781917f0188769
2026-09-06 05:09:23,Arthur Hayes main (Maelstrom),0x6cd66dbdfe289ab83d7311b668ada83a12447e21,transfer_in,USDC,0xa0b86991c6218b36c1d19d4a2e9eb0ce3606eb48,0.00010000,0.00,ETH,Poisoner,from 0x59aa…e16b,0.99998,884010.98,https://dexscreener.com/ethereum/0x0fb0e40cec3bb23e13abc585958a93c796fbea56955e19a23727a716a0423239,0x05e7fbbca3e97e08ee8cb86a9657ce057f5ee65b37245a97933d567139a0b654
